seq_index;nt_sequence
0;GGAAATTCAGTGACCCAGATGGAAGGGCCAGTGACTCACTCAGAAGAGGCCTTCCTGACTATAAACTGCACGTACACAGCCACAGGATACCCTTCCCTTTTCTGGTATGTCCAATATCCTGGAGAAGGTCTACAGCTCCTCCTGAAAGCCACGAAGGCTGATGACAAGGGAAGCAACAAAGGTTTTCAAGCCACATACCGTAAGGAAACCACTTCTTTCCACTTGGAGAAAGGCTCAGTTCAAGTGTCAGACTCAGCGGTGTACTTCTGTGCCCTCAACTTTGGAAATGAGAAATTAACCTTTGGGACTGGAACAAGACTCACCATCATACCCA
1;ACCCAGCTGCTGGAGCAGAGCCCTCAGTTTCTAAGCATCCAAGAGGGAGAAAATCTCACTGTGTATTGCAACTCCTCAAGTGTTTTTTCCAGCTTACAATGGTACAGACAGGAGCCTGGGGAAGGTCCTGTCCTCCTGGTGACAGTAGTTACGGGTGGAGAAGTCAAGAAGCTGAAGAGACTAACCTTTCAGTTTGGTGATGCAAGAAAGGACAGTTCTCTCCACATCACTGCAGCCCAGCCTGGTGATACAGGCCTCTACCTCTGTGCAGGAGCGGCACCAAACTAATCTTTGGGCAAGGGACAACTTTACAAGTAAAACCAG
2;GATGCTAAGACCACCCAGCCCCCCTCCATGGATTGCGCTGAAGGAAGAGCTGCAAACCTGCCTTGTAATCACTCTACCATCAGTGGAAATGAGTATGTGTATTGGTATCGACAGATTCACTCCCAGGGGCCACAGTATATCATTCATGGTCTAAAAAACAATGAAACCAATGAAATGGCCTCTCTGATCATCACAGAAGACAGAAAGTCCAGCACCTTGATCCTGCCCCACGCTACGCTGAGAGACACTGCTGTGTACTATTGCATCGGCCTCGTTGGACAATAACAATGACATGCGCTTTGGAGCAGGGACCAGACTGACAGTAAAACCAA
3;GGAGAGAATGTGGAGCAGCATCCTTCAACCCTGAGTGTCCAGGAGGGAGACAGCGCTGTTATCAAGTGTACTTATTCAGACAGTGCCTCAAACTACTTCCCTTGGTATAAGCAAGAACTTGGAAAAAGACCTCAGCTTATTATAGACATTCGTTCAAATGTGGGCGAAAAGAAAGACCAACGAATTGCTGTTACATTGAACAAGACAGCCAAACATTTCTCCCTGCACATCACAGAGACCCAACCTGAAGACTCGGCTGTCTACTTCTGTGCAGCAAGTCCTATTATGGAGGAAGCCAAGGAAATCTCATCTTTGGAAAAGGCACTAAACTCTCTGTTAAACCAA
4;GGAGAGAGTGTGGGACTGCATCTTCCTACCCTGAGTGTCCAGGAGGGTGACAACTCTATTATCAACTGTGCTTATTCAAACAGCGCCTCAGACTACTTCATTTGGTACAAGCAAGAATCTGGAAAAGGTCCTCAATTCATTATAGACATTCGTTCAAATATGGACAAAAGGCAAGGCCAAAGAGTCACCGTTTTATTGAATAAGACAGTGAAACATCTCTCTCTGCAAATTGCAGCTACTCAACCTGGAGACTCAGCTGTCTACTTTTGTGCAGAGAGCTTGAAGGAATAGTGGAGGTAGCAACTATAAACTGACATTTGGAAAAGGAACTCTCTTAACCGTGAATCCAA
5;GAAGACAAGGTGGTACAAAGCCCTCTATCTCTGGTTGTCCACGAGGGAGACACCGTAACTCTCAATTGCAGTTATGAAGTGACTAACTTTCGAAGCCTACTATGGTACAAGCAGGAAAAGAAAGCTCCCACATTTCTATTTATGCTAACTTCAAGTGGAATTGAAAAGAAGTCAGGAAGACTAAGTAGCATATTAGATAAGAAAGAACTTTCCAGCATCCTGAACATCACAGCCACCCAGACCGGAGACTCGGCCATCTACCTCTTGGGCAGGGAGCCCAGAAGCTGGTATTTGGCCAAGGAAGCAGGCTGACTATCAACCCAA
6;GACCAGCAAGTTAAGCAAAATTCACCATCCCTGAGCGTCCAGGAAGGAAGAATTTCTATTCTGAACTGTGACTATACTAACAGCATGTTTGATTATTTCCTATGGTACAAAAAATACCCTGCTGAAGGTCCTACATTCCTGATATCTATAAGTTCCATTAAGGATAAAAATAAAGATGGAAGATTCACTGTCTTCTTAAACAAAAGTGCCAAGCACCTCTCTCTGCACATTGTGCCCTCCCAGCCTGGAGACTCTGCAGTGTACTTCTGTCGGTACATGCGCTTTGGAGCAGGGACCAGACTGACAGTAAAACCAA
7;GGAGAGAATGTGGAACAGCATCCTTCAACCCTGAGTGTCCAGGAGGGAGACAGCGCTGTTATCAAGTGTACTTATTCAGACAGTGCCTCAAACTACTTCCCTTGGTATAAGCAAGAACTTGGAAAAAGACCTCAGCTTATTATAGACATTCGTTCAAATGTGGGCGAAAAGAAAGACCAACGAATTGCTGTTACATTGAACAAGACAGCCAAACATTTCTCCCTGCACATCACAGAGACCCAACCTGAAGACTCGGCTGTCTACTTCTGTGCAGCATCCATCAGGAGGAAGCTACATACCTACATTTGGAAGAGGAACCAGCCTTATTGTTCATCCGT
8;GCCCAGAGAGTGACTCAGCCCGAGAAGCTCCTCTCTGTCTTTAAAGGGGCCCCAGTGGAGCTGAAGTGCAACTATTCCTATTCTGGGAGTCCTGAACTCTTCTGGTATGTCCAGTACTCCAGACAACGCCTCCAGTTACTCTTGAGACACATCTCTAGAGAGAGCATCAAAGGCTTCACTGCTGACCTTAACAAAGGCGAGACATCTTTCCACCTGAAGAAACCATTTGCTCAAGAGGAAGACTCAGCCATGTATTACTGTGCTCCCTCTACAATACAATGCTGGCAACAACCGTAAGCTGATTTGGGGATTGGGAACAAGCCTGGCAGTAAATCCGA
9;GCTCAGACAGTCACTCAGTCTCAACCAGAGATGTCTGTGCAGGAGGCAGAGAACGTGACCCTGAGCTGCACATATGACACCAGTGAGTGTGATTATTATTTATTCTGGTACAAGCAGCCTCCCAGCAGGCAGATGATTCTCGTTATTCGCCAAGAAGCTTATAAGCAACAGAATGCAACAGAGAATCGTTTCTCTGTGAACTTCCAGAAAGCAGCCAAATCCTTCAGTCTCAAGATCTCAGACTCACAGCTGGGGGATGCCGCGATGTATTTCTGTGCTTATAGGAGCGCGGGATGAAACCAGTGGCTCTAGGTTGACCTTTGGGGAAGGAACACAGCTCACAGTGAATCCTG
10;GGAGAGAGTGTGGGGCTGCATCTTCCTACCCTGAGTGTCCAGGAGGGTGACAACTCTATTATCAACTGTTCTTATTCAAACAGCGCCTCAGACTACTTCATTTGGTACAAACAAGACTCTGGAAAAGGTCCTCAATTCATTATAGACATTCGTTCAAATATGGACAAAAGGCAAGGCCAAAGAGTCACCGTTTTATTGAATAAGACAGTGAAACATGTCTCTCTGCAAATTGCAGCTACTCAACCTGGAGACTCAGCTGTCTACTTTTGTGCAGAGGCGAACGAGCTGCAGGCAATAAGCTAACTTTTGGGGGAGGAACCAGGGTGCTAGTTATACCAA
11;CAGCAGCAGGTGAAACAAAGTCCTCAATCTTTGATAGTCCAGAAAGGAGGGATTTCAATTATAAACTGTGCTTATGAGAACACTGCGTTTGACTACTTTCCATGGTACCAACAGTTCCCTGGGAAAGGCCCTGCATTATTGATAGCCATACGTCCAGATGTGAGTGAAAAGAAAGAAGGAAGATTCACAATCTCCTTCAATAAAAGTGCCAAGCAGTTCTCATTGCATATCATGGATTCCCAGCCTGGAGACTCAGCCACCTACTTCTGTGCAGCAAGTTTCTGGGGAATAGTGGAGGTAGCAACTATAAACTGACATTTGGAAAAGGAACTCTCTTAACCGTGAATCCAA
12;AAACAGGAGGTGACGCAGATTCCTGCAGCTCTGAGTGTCCCAGAAGGAGAAAACTTGGTTCTCAACTGCAGTTTCACTGATAGCGCTATTTACAACCTCCAGTGGTTTAGGCAGGACCCTGGGAAAGGTCTCACATCTCTGTTGCTTATTCAGTCAAGTCAGAGAGAGCAAACAAGTGGAAGACTTAATGCCTCGCTGGATAAATCATCAGGACGTAGTACTTTATACATTGCAGCTTCTCAGCCTGGTGACTCAGCCACCTACCTCTGTGCTGTGAGGGCGGATCTGAAAAGCTGGTCTTTGGAAAGGGAACGAAACTGACAGTAAACCCAT
13;GCCCAGACAGTCACTCAGTCTCAACCAGAGATGTCTGTGCAGGAGGCAGAGACTGTGACCCTGAGTCGCACATATGACACCGGTGAGAATAATTATTATTTGTTCTGGTACAAGCAGCCTCCCAGCAGGCAGATGATTCTCGTTAATCGCCAAGAAGCTTATAAGCAACAGAATGCAACGGAGAATCGTTTCTCTGTGAACTTGCAGAAAGCAGCCAAATCCTTCAGTCTCAAGATCTCAGACTCACAGCTGGGGGACACTGCGATGTATTTCTGTGCTTTCATGAAGCCCTGGCGGAACCCGACTACAAGCTCAGCTTTGGAGCCGGAACCACAGTAACTGTAAGAGCAA
14;GGAGAGAATGTGGAGCAGCATCCTTCAACCCTGAGTGTCCAGGAGGGAGACAGCGCTGTTATCAAGTGTACTTATTCAGACAGTGCCTCAAACTACTTCCCTTGGTATAAGCAAGAACTTGGAAAAGGACCTCAGCTTATTATAGACATTCGTTCAAATGTGGGCGAAAAGAAAGACCAACGAATTGCTGTTACATTGAACAAGACAGCCAAACATTTCTCCCTGCACATCACAGAGACCCAACCTGAAGACTCGGCTGTCTACTTCTGTGCAGCAAGTAGCTGTAAGGGAAGAGATGGCCAGAAGCTGCTCTTTGCAAGGGGAACCATGTTAAAGGTGGATCTTA
15;ACCCAGCTGCTGGAGCAGAGCCCTCAGTTTCTAAGCATCCAAGAGGGAGAAAATCTCACTGTGTACTGCAACTCCTCAAGTGTTTTTTCCAGCTTACAATGGTACAGACAGGAGCCTGGGGAAGGTCCTGTCCTCCTGGTGACAGTAGTTACGGGTGGAGAAGTGAAGAAGCTGAAGAGACTAACCTTTCAGTTTGGTGATGCAAGAAAGGACAGTTCTCTCCACATCACTGCAGCCCAGCCTGGTGATACAGGCCTCTACCTCTGTGCAGGGGCTAATTCAGGGAGCCCAGAAGCTGGTATTTGGCCAAGGACCCAGGCTGACTATCAACCCAA
16;GGTCAACAGCTGAATCAGAGTCCTCAATCTATGTTTATCCAGGAAGGAGAAGATGTCTCCATGAACTGCACTTCTTCAAGCATATTTAACACCTGGCTATGGTACAAGCAGGAACCTGGGGAAGGTCCTGTCCTCTTGATAGCCTTATATAAGGCTGGTGAATTGACCTCAAATGGAAGACTGACTGCTCAGTTTGGTATAACCAGAAAGGACAGCGTCCTGAATATCTCAGCATCCATACCTAGTGATGTAGGCATCTACTTCTGTGCTGGGAACCCGGAATTCTAACGACTACAAGCTCAGCTTTGGAGCCGGAACCACAGTAACTGTAAGAGCAA
17;GGAAATTCAGTGACCCAGATGGAAGGGCCAGTGACTCTCTCAGAAGAGGCCTTCCTGACTATAAACTGCACGTACACAGCCACAGGATACCCTTCCCTTTTCTGGTATGTCCAATATCCTGGAGAAGGTCTACAGCTCCTCCTGAAAGCCACGAAGGCTGATGACAAGGGAAGCAACAAAGGTTTTGAAGCCACATACCGTAAAGAAACCACTTCTTTCCACTTGGAGAAAGGCTCAGTTCAAGTGTCAGGCTCAGCGGTGTACTTCTGTGCTCCTTGGCTCTGGTGGCTACAATAAGCTGATTTTTGGAGCAGGGACCAGGCTGGCTGTACACCCAT
18;GGAGAGAATGTGGAGCAGCATCCTTCAACCCTGAGTGTCCAGGAGGGAGACAGCGCTGTTATCAAGTGTACTTATTCAGACAGTGCCTCAAACTACTTCCCTTGGTATAAGCAAGAACTTGGAAAAAGACCTCAGCTTATTATAGACATTCGTTCAAATGTGGACGAAAAGAAAGACCAACGAATTGCTGTTACATTGAACAAGACAGCCAAACATTTCTCCCTGCACATCACAGAGACCCAACCTGAAGACTCGGCTGTCTACTTCTGTGCAGCAACCGGAGTAACCTCCTACGACAAGGTGATATTTGCGCCAGGGACAAGCTTATCAGTCATTCCAA
19;GGAGATTCAGTGGTCCAGACAGAAGGCCAAGTGCTCCCCTCTGAAGGGGATTCCCTGATTGTGAACTGCTCCTATGAAACCACACAGTACCCTTCCCTTTTTTGGTATGTCCAATATCCTGGAGAAGGTCCACAGCTCCACCTGAAAGCCATGAAGGCCAATGACAAGGGAAGGAACAAAGGTTTTGAAGCCATGTACCGTAAAGAAACCACTTCTTTCCACTTGGAGAAAGACTCAGTTCAAGAGTCAGACTCCGCTGTGTACTTCTGTGCGCCCGTGGAGAAATTAACCTTTGGGACTGGAACAAGACTCACCATCATACCCA
20;GGACAACAGGTAATGCAAATTCCTCAGTACCAGCATGTACAAGAAGGAGAGGACTTCACCACGTACTGCAATTCCTCAACTACTTTAAGCAATATACAGTGGTATAAGCAAAGGCCTGGTGGACATCCCGTTTTTTTGATACAGTTAGTGAAGAGTGGAGAAGTGAAGAAGCAGAAAAGACTGACATTTCAGTTTGGAGAAGCAAAAAAGAACAGCTCCCTGCACATCACAGCCACCCAGACTACAGATGTAGGAACCTACTTCTGTGCAGGGTTTCGTCCCTCACGGGAGGAGGAAACAAACTCACCTTTGGGACAGGCACTCAGCTAAAAGTGGAACTCA
21;GCCCAGTCAGCGACCCAGCCTGACATCCACATCACTGTCTCTGAAGGAGCCTCACTGGAGTTGAGATGTAACTATTCCTATGGGGCAACACCTTATCTCTTCTGGTATGTCCAGTCCCCCGGCCAAGGCCTCCAGCTGCTCCTGAAGTACTTTTCAGGAGACACTCTGGTTCAAGGCATTAAAGGCTTTGAGGCAGAATTTAAGAGGAGTCAATCTTCCTTCAACCTGAGGAAACCCTCTGTGCTTTGGAGTGATGCTGCTGAGTACTTCTGTGCTGGGGGGCCCCGGCACTGCCAGTAAACTCACCTTTGGGACTGGAACAAGACTTCAGGTCACGCTCG
22;CGGAAGGAGGTGGAGCAGGATCCTGGACCCTTCAATGTTCCAGAGGGAGCCACTGTCGCTTTCAACTGTACTTACAGCAACAGTGCTTCTCAGTCTTTCTTCTGGTACAGACAGGATTGCAGGAAAGAACCTAAGTTGCTGATGTCCGTATACTCCAGTGGTAATGAAGATGGAAGGTTTACAGCACAGCTCAATAGAGCCAGCCAGTATATCTCCCTGCTCATCAGAGACTCGAAGCTCAGTGATTCAGCCACCTACCTCTGTGTGGTGAACCTCCGATCAAAGCTGCAGGCAACAAGCTAACTTTTGGAGGAGGAACCAGGGTGCTAGTTAAACCAA
23;GGAGAGGATGTGGAGCAGAGTCTTTTCCTGAGTGTCCGAGAGGGAGACAGCTCCGTTATAAACTGCACTTACACAGACAGCTCCTCCACCTACTTATACTGGTATAAGCAAGAACCTGGAGCAGGTCTCCAGTTGCTGACGTATATTTTTTCAAATATGGACATGAAACAAGACCAAAGACTCACTGTTCTATTGAATAAAAAGGATAAACATCTGTCTCTGCGCATTGCAGACACCCAGACTGGGGACTCAGCTATCTACTTCTGTGCAGAGATGGGTCAGATCTCCACCAATGCAGGCAAATCAACCTTTGGGGATGGGACTACGCTCACTGTGAAGCCAA
24;AAAAACCAAGTGGAGCAGAGTCCTCAGTCCCTGATCATCCTGGAGGGAAAGAACTGCACTCTTCAATGCAATTATACAGTGAGCCCCTTCAGCAACTTAAGGTGGTATAAGCAAGATACTGGGAGAGGTCCTGTTTCCCTGACAATCATGACTTTCAGTGAGAACACAAAGTCGAACGGAAGATATACAGCAACTCTGGATGCAGACACAAAGCAAAGCTCTCTGCACATCACAGCCTCCCAGCTCAGCGATTCAGCCTCCTACATCTGTGTGGTGAGCGCGACCTTAAAACCGGCACTGCCAGTAAACTCACCTTTGGGACTGGAACAAGACTTCAAGTCACGCTCG
25;ACCCAGCTGCTGGAGCAGAGCCCTCAGTTTCTAAGCATCCAAGAGGGAGAAAATCTCACTGTGTACTGCAACTCCTCAAGTGTTTTTTCCAGCTTACAATGGTACAGACAGGAGCCTGGGGAAGGTCCTGTCCTCCTGGTGACAGTAGTTACGGGTGGAGAAGTGAAGAAGCTGAAGAGACTAACCTTTCAGTTTGGTGATGCAAGAAAGGACAGTTCTCTCCACATCACTGCAGCCCAGCCTGGTGATACAGGCCTCTACCTCCCCCTGGGCCCTTGAATTATGGAGGAAGCCAAGGAAATCTCATCTTTGGAAAAGGCACTAAACTCTCTGTTAAACCAA
26;GGAGAGAGTGTGGGGCTGCATCTTCCTACCCTGAGTGTCCAGGAGGGTGATAACTCTATTATCAACTGTGATTATTCAAACAGCGCCTCAGACTACTTCATTTGGTACAAGCAAGAATCTGGAAAAGGTCCTCAATTCATTATAGACATTCGTTCAAATATGGACAAAAGGCAAGGCCAAAGAGTCACCGTTTTATTGAATAAGACAGTGAAACATCTCTCTCTGCAAATTGCAGCTACTCAACCTGGAGACTCAGCTGTCTACTTTTGTGCAGGAGATAGGGAAAGTTCCTAAGCAGCAGGCAACAAGCTAACTTTTGGAGGAGGAACCAGGGTGCTAGTTAAACCAA
27;GAAGACAAGGTGGTACAAAGCCCTCTATCTCTGGTTGTCCACGAGGGAGACACCGTAACTCTCAATTGCAGTTATGAAGTGACTAACTTTCGAAGCCTACTATGGTACAAGCAGGAAAAGAAAGCTCCCACATTTCTATTTATGCTAACTTCAAGTGGAATTGAAAAGAAGTCAGGAAGACTAAGTAGCATATTAGATAAGAAAGAACTTTCCAGCATCCTGAACATCACAGCCACCCAGACCGGAGACTCGGCCATCTACCTCTGTGCTGTGGAGGCTGAGAATGACATGCGCTTTGGAGCAGGGACCAGACTGACAGTAAAACCAA
28;GGAGAGGATGTGGAGCAGAGTCTTTTCCTGAGTGTCCGAGAGGGAGACAGCTCCGTTATAAACTGCACTTACACAGACAGCTCCTCCACCTACTTATACTGGTATAAGCAAGAACCTGGAGCAGGCCTCCAGTTGCTGACGTATATTTTTTCAAATATGGACATGAAACAGGACCAAAGACTCACTGTTCTATTGAATAAAAAGGATAAACATCTGTCTCTGCGCATTGCAGACACCCAGACTGGGGACTCAGCTATCTACTTCTGTGCAGAGAGTATATAGTAATGCTGGCAACAACCGTAAGCTGATTTGGGGATTGGGAACAAGCCTGGCAGTAAATCCGA
29;CTTGCTAAGACCACCCAGCCCATCTCCATGGACTCATATGAAGGACAAGAAGTGAACATAACCTGTAGCCACAACAACATTGCTACAAATGATTATATCACGTGGTAACAACAGTTTCCCAGCCAAGGACCACGATTTATTATTCAAGGATACAAGACAAAAGTTACAAACGAAGTGGCCTCCCTGTTTATCCCTGCCGACAGAAAGTCCAGCACTCTGAGCCTGCCCCGGGTTTCCCTGAGCGACACTGCTGTGTACTACTGCCTCGTGGGGAATGCTGGCAACAACCGTAAGCTGATTTGGGGATTGGGAACAAGCCTGGCAGTAAATCCGA
30;ACCCAGCTGCTGGAGCAGAGCCCTCAGTTTCTAAGCATCCAAGAGGGAGAAAATCTCACTGTGTACTGCAACTCCTCAAGTGTTTTTTCCAGCTTACAATGGTACAGACAGGAGCCTGGGGAAGGTCCTGTCCTCCTGGTGACAGTAGTTACGGGTGGAGAAGTGAAGAAGCTGAAGAGACTAACCTTTCAGTTTGGTGATGCAAGAAAGGACAGTTCTCTCCACATCACTGCAGCCCAGCCTGGTGATACAGGCCTCTACCTCTGTGCAGGAGGACTAAACTAAGGTAACCAGTTCTATTTTGGGACAGGGACAAGTTTGACGGTCATTCCAA
31;AAAAACCAAGTGGAGCAGAGTCCTCAGTCCCTGATCATCCTGGAGGGAAAGAACTGCACTCTTCAATGCAATTATACAGTGAGCCCCTTCAGCAACTTAAGGTGGTATAAGCAAGATACTGGGAGAGGTCCTGTTTCCCTGACAATCATGACTTTCAGTGAGAACACAAAGTCGAACGGAAGATATACAGCAACTCTGGATGCAGACACAAAGCAAAGCTCTCTGCACATCACAGCCTCCCAGCTCAGCGATTCAGCCTCCTACATCTGTGTGGTGAGCCCGATACTGGAGGCTTCAAAACTATCTTTGGAGCAGGAACAAGACTATTTGTTAAAGCAA
32;GGAGAGAATGTGGAGCAGCATCCTTCAACCCTGAGTGTCCAGGAGGGAGACAGCGCTGTTATCAAGTGTACTTATTCAGACAGTGCCTCAAACTACTTCCCTTGGTATAAGCAAGAACTTGGAAAAAGACCTCAGCTTATTATAGACATTCGTTCAAATGTGGGCGAAAAGAAAGACCAACGAATTGCTGTTACATTGAACAAGACAGCCAAACATTTCTCCCTGCACATCACAGAGACCCAACCTGAAGACTCGGCTGTCTACTTCTGTGCAGCAAGTATAGCTGCTGCAGGCAACAAGCTAACTTTTGGAGGAGGAACCAGGGTGCTAGTTAAACCAA
33;GATGCTAAGACCACCCAGCCCACCTCCATGGATTGCGCTGAAGGAAGAGCTGCAAACCTGCCTTGTAATCACTCTACCATCAGTGGAAATGAGTATGTGTATTGGTATCGACAGATTCACTCCCAGGGGCCACAGTATATCATTCATGGTCTAAAAAACAATGAAACCAATGAAATGGCCTCTCTGATCATCACAGAAGGCAGAAAGTCCAGCACCTTGATCCTGCCCCACGCTACGCTGAGAGACACTGCTGTGTACTATTGCATCGTCAGATGGATTTGGAAATGAGAAATTAACCTTTGGGACTGGAACAAGACTCACCATCATACCCA
34;GGAGAGAGTGTGGGGCTGCATCTTCCTACCCTGAGTGTCCAGGAGGGTGACAACTCTATTATCAACTGTGCTTATTCAAACAGCGCCTCAGACTACTTCATTTGGTACAAGCAAGAATCAGGAAAAGGTCCTCAATTCATTATAGACATTCGTTCAAATATGGACAAAAGGCAAGGCCAAAGAGTCACCGTTTTATTGAATTAGACAGTGAAACATCTCTCTCTGCAAATTGCAGCTACTCAACCTGGAGACTCAGCTGTCTACTTTTGTGCAGAGATTACATTGTAGGGGGTTATAACCAGGGAGGAAAACTTATCTTCGGACAGGGAACGGAGTTATCTGTGAAACCCA
35;GCCCAGAAGATAACTCAAACCCAACCAGGAATGTTCGTGCAGGAAAAGGAGGCTGTGACTCTGGACTGCACATATGACACCAGTGATCAAAGTTATGGTCTATTCTGGTACAAGCAGCCCAGCAGTGGGGAAATGATTTTTCTTATTTATCAGGGGTCTTATGACGAGCAAAATGCAACAGAAGGTCGCTACTCATTGAATTTCCAGAAGGCAAGAAAATCCGCCAACCTTGTCATCTCCGCTTCACAACTGGGGGACTCAGCAATGTATTTCTGTGCAATGAGAGAGGGCCCTTAAATAACAATGACATGCGCTTTGGAGCAGGGACCAGACTGACAGTAAAACCAA
36;GCTCAGAAGGTAACTCAAGCGCAGACTGAAATTTCTGTGGTGGAGAAGGAGGATGTGACCTTGGACTGTGTGTATGAAACCCGTGATACTACTTATTACTTATTCTGGTACAAGCAACCACCAAGTGGAGAATTGGTTTTCCTTATTCGTCGGAACTCTTTTGATGAGCAAAATGAAATAAGTGGTCGGTATTCTTGGAACTTCCAGAAATCCACCAGTTCCTTCAACTTCACCATCACAGCCTCACAAGTCGTGGACTCAGCAGTATACTTCTGTGCTCTGAGTGAGGAGGACATGAATTCAGGATACAGCACCCTCACCTTTGGGAAGGGGACTATGCTTCTAGTCTCTCCAG
37;GCTCAGAAGGTAACTCAAGCGCAGACTGAAATTTCTGTGGTGGAGAAGGAGGATGTGACCTTGGACTGTGTGTATGAAACCCGTGATACTACTTATTACTTATTCTGGTACAAGCAACCACCAAGTGGAGAATTGGTTTTCCTTATTCGTCGGAACTCTTTTGATGAGCAAAATGAAATAAGTGGTCGGTATTCTTGGAACTTCCAGAAATCCACCAGTTCCTTCAACTTCACCATCACAGCCTCACAAGGCGTGGACTCAGCAGTATACTTCTGTGCTCTGAGTGAGGGCTCGAGTATGGAAACAAACTGGTCTTTGGCGCAGGAACCATTCTGAGAGTCAAGTCAT
38;CTTGCTAAGACCACCCAGCCCATCTCCATGGACTCATATGAAGGACAAGAAGTGAACATAACCTGTAGCCACAACAACATTGCTACAAATGATTATATCACGTGGTACCAACAGTTTCCCAGCCAAGGACCACGATTTATTATTCAAGGATACAAGACAAAAGTTACAAACGAAGTGGCCTCCCTGTTTATCCCTGCCGACAGAAAGTCCAGCACTCTGAGCCTGCCCCGGGTTTCCCTGAGCGACACTGCTGTGTACTACTGCCTCGTGGGTGACCGCCGCCCTAGATACAATTGTTTTTATGGTGGTGCTACAGACAAGCTCATCTTTGGAACTGGCACTCTGCTTGCTGTCCAGCCAA
39;AAGGACCAAGTGTTTCAGCCTTCCACAGTGGCATCTTCAGAGGGAGCTGTGGTGGAAATCTTCTGTAATCACTCTGTGTCCAATGCTTACAACTTCTTCTGGCACCTTCACTTCCCGGGATGTGCACCAAGACTCCTTGTTAAAGGCTCAAAGCCTTCTCGGCAGGGACGATACAACATGACCTATGAACGGTTCTCTTCATCGCTGCTCATCCTCCAGGTGCGCGAGGCAGATGCTGCTGTTTACTACTGTGCTCCAGGCAGGAAACACACCTCTTGTCTTTGGAAAGGGCACAAGACTTTCTGTGATTGCAA
40;GACCAGCAAGTTAAGCAAAATTCACCATCCCTGAGCGTCCAGGAAGGAAGAATTTCTATTCTGAACTGTGACTATACTAACAGCATGTTTGATTATTTCCTATGGTACAAAAAATACCCTGCTGAAGGTCCTACATTCCTGATATCCATAAGTTCCATTAAGGATAAAAATGAAGATGGAAGATTCACTGTCTTCTTAAACAAAAGTGCCAAGCACCTCTCTCTGCACATTGTGCCCTCCCAGCCTGGAGACTCTGCAGTGTACTTCTCTCCAGTTCCCGAGATGACAAGATCATCTTTGGAAAAGGGACACGACTTCATATTCTCCCCA
41;CAGAAGGAGGTGGAGCAGGATCCTGGACCACTGAGTGTTCCAGAGGGAGCCATTGTTTCTCTCAACTGCACTTACAGCAACAGTGCTTTTCAATACTTCATGTGGTACAGACAGTATTCCAGAATAGGCCCTGAGTTGCTGATGTACACATACTCCAGTGGTAACAAAGAAGATGGAAGGTTTACAGCACAGGTCGATAAATCCAGCAAGTATATCTCCTTGTTCATCAGAGACTCACAGCCCAGTGATTCAGCCACCTACCTCTGTGCAACGGGAGCCAATAGTAAGCTGACATTTGGAAAAGGAATAACTCTGAGTGTTAGACCAG
42;GCTCAGACAGTCACTCAGTCTCAACCAGAGATGTCTGTGCAGGAGGCAGAGACCGCGACCCTGAGCTGCACATATGACACCAATGAGAGTGATTATTATTTATTCTGGTACAAGCAGCCTCCCAGCAGGCAGATGATTCTCGTTATTCGCCAAGAAGCTTATAAGCAACAGAATGCAACAGAGAATCGTTTCTCTGTGAACTTCCAGAAAGCAGCCAAATCCTTCAGTCTCAAGATCTCAGACTCACAGCTGGGGGATGCCGCGATGTATTTCTGTGCTTATAGGAGGCCCTAACTCAGGGCGGATCTGAAAAGCTGGTCTTTGGAAAGGGAACGAAACTGACAGTAAACCCAT
43;GCCCAGACAGTCACTCAGTCTCAACCAGAGATGTCTGTGCAGGAGGCAGAGACTGTGACCCTGAGTTGCACATATGACACCAGTGAGAATAATTATTATTTGTTCTGGTACAAGCAGCCTCCCAGCAGGCAGATGATTCTCGTTATTCGCCAAGAAGCTTATAAGCAACAGAATGCAACGGAGAATCGTTTCTCTGTGAACTTCCAGAAAGCAGCCAAATCGTTCAGTCTCAAGATCTCAGACTCACAGCTGGGGGACACTGCGATGTATTTCTGTGCTTTCATGAAGCATCCGTTCTAACGACTACAAGCTCAGCTTTGGAGCCGGAACCACAGTAACTGTAAGAGCAA
44;GGAGAGAATGTGGAGCAGCATCCTTCAACCCTGAGTGTCCAGGAGGGAGACAGCGCTGTTATCAAGTGTACTTATTCAGACAGTGCCTCAAACTACTTCCCTTGGTATAAGCAAGAACTTGGAAAAGGACCTCAGCTTATTATAGACATTCGTTCAAATGTGGGCGAAAAGAAAGACCAACGAATTGCTGTTACATTGAACAAGACAGCCAAACATTTCTCCCTGCACATCACAGAGACCCAACCTGAAGACTCGGCTGTCTACTTCTGTGCAGCAAGGCACGCCATGTTTTCTGGTGGCTACAATAAGCTGATTTTTGGAGCAGGGACCAGGCTGGCTGTACACCCAT
45;GGAGAGAATGTGGAGCAGCATCCTTCAACCCTGAGTGTCCAGGAGGGAGACAGCGCTGTTATCAAGTGTACTTATTCAGACAGTGCCTCAAACTACTTCCCTTGGTATAAGCAAGAGCTTGGAAAAAGACCTCAGCTTATTATAGACATTCGTTCAAATGTGGGCGAAAAGATAGACCAACGAATTGCTGTTACATTGAACAAGACAGCCAAACATTTCTCCCTGCACATCACAGAGACCCAACCTGAAGACTCGGCTGTCTACTTCTGTGCAGCGGCTGGATGGACACGGGCAGGAGAGCACTTACTTTTGGGAGTGGAACAAGACTCCAAGTACAACCAA
46;GCTCAGAAGGTAACTCAAGCGCAGACTGAAATTTCTGTGGTGGAGAAGGAGGATGTTACTTTGGACTGTGTGTATGAAACCCGTGATACTACTTATTACTTATTCTGGTACAAGCAACCACCAAGTGGAGAATTGGTTTTCCTTATTCGTCGGAACTCTTTTGATGAGCAAAATGAAATAAGTGGTCGGTATTCTTGGAACTTCCAGAAATCCACCAGTTCCTTCAACTTCACCATCACAGCCTCACAAGTCGTGGACTCAGCAGTATACTTCTGTGCTCTGGGGAGGTGGTACTAGCTATGGAAAGCTGACATTTGGACAAGGGACCATCTTGACTGTCCATCCAA
47;CAACAACCAGTGCAGAGTCCTCAAGCCGTGATCCTCCGAGAAGGGGAAGATGCTGTCATCAACTGCAGTTCCTCCAAGGCTTTATATTCTGTACACTGGTACAGGCAGAAGCATGGTGAAGCACCCGTCTTCCTGATGATATTACTGAAGGGTGGAGAACAGAAGGGTCATGAAAAAATATCTGCTTCATTTAATGAAAAAAAGCAGCAAAGCTCCCTGTACCTTACGGCCTCCCAGCTCAGTTACTCAGGAACCTACTTCTGCGGCACCCCCCGGTAACCAGTTCTATTTTGGGACAGGGACAAGTTTGACGGTCATTCCAA
48;GGAGAGAATGTGGAGCAGCATCCTTCAACCCTGAGTGTCCAGGAGGGAGACAGCGCTGTTATCAAGTGTACTTATTCAGACAGTGCCTCAAACTACTTCCCTTGGTATAAGCAAGAACGTGGAAAAGGACCTCAGCTTATTATAGACATTCGTTCAAATGTGGGCGAAAAGAAAGACCAACGAATTGCTGTTACATTGAACAAGACAGCCAAACATTTCTCCCTGCACATCACAGAGACCCAACCTGAAGACTCGGCTGTCTACTTCTGTGCAGCAAGTATTACTTCAACAAATTTTACTTTGGATCTGGGACCAAACTCAATGTAAAGCCAA
49;GATGCTAAGACCACCCAGCCCCCCTCCATGGATTGCGCTGAAGGAAGAGCTGCAAACCTGCCTTGTAATCACTCTACCATCAGTGGAAATGAGTATGTGTATTGGTATCGACAGATTCACTCCCAGGGGCCACAGTATATCATTCATGGTCTAAAAAACAATGAAACCAATGAAATGGCCTCTCTGATCATCACAGAAGACAGAAAGTCCAGCTCCTTGATCCTGCCCCACGCTACGCTGAGAGACACTGCTGTGTACTATTGCATCGTCAGAGTCGAGTAAGTGGTGGTACTAGCTATGGAAAGCTGACATTTGGACAAGGGACCATCTTGACTGTCCATCCAA
50;AAAAACCAAGTGGAGCAGAGTCCTCAGTCCCTGATCATCCTGGAGGGAAAGAACTGCACTCTTCAATGCAATTATACAGTGAGCCCCTTCAGCAACTTAAGGTGGTATAAGCAAGATACTGGGAGAGGTCCTGTTTCCCTGACAATCATGACTTTCAGTGAGAACACAAAGTCGAACGGAAGATATACAGCAACTCTGGATGCAGACACAAAGCAAAGCTCTCTGCACATCACAGCCTCCCAGCTCAGCGATTCAGCCTCCTACATCTGTGTGGTGATCTTTTCAGATGGCCAGAAGCTGCTCTTTGCAAGGGGAATCAAGTTAAAGGTGGATCTTA
51;GATGCTAAGACCACACAGCCAAATTCAATGGAGAGTAACGAAGAAGAGCCTGTTCACTTGCCTTGTAACCACTCCACAATCAGTGGAACTGATTACATACATTGGTATCGACAGCTTCCCTCCCAGGGTCCAGAGTACGTGAGTCATGGTCTTACAAGCAATGTGAACAACAGAATGGCCTCTCTGGCAATCGCTGAAGACAGAAAGTCCAGTACCTTGATCCTGCACCGTGCTACCTTGAGAGATGCTGCTGTGTACTACTGCATCCTGAGAAGAAAGGAGGTGCTGACGGACTCACCTTTGGCAAAGGGACTCATCTAATCATCCAGCCCT
52;GATGCTAAGACCACCCAGCCCCCCTCCATGGATTGCGCTGAAGGAAGAGCTGCAAACCTGCCTTGTAATCACTCTACCATCAGTGGAAATGAGTATGTGTATTGGTATCGACAGATTCACTCGCAGGGGCCACAGAATATCATTCATGGTCTAAAAAACAATGAAACCAATGAAATGGCCTCTCTGATCATCACAGAAGACAGAAAGTCCAGCACCTTGATCCTGCCCCACGCTACGCTGAGAGACACTGCTGTGTACTATTGCATCGCCCTGGCCCAATGTATTCAGGAGGAGGTGCTGACGGACTCACCTTTGGCAAAGGGACTCATCTAATCATCCAGCCCT
53;GCCCAGAGAGTGACTCAGCCCGAGAAGCTCCTCTCTGTCTTTAAAGGGGCCCCAGTGGAGCTGAAGTGCAACTATTCCTATTCTGGGAGTCCTGAACTCTTCTGGTATGTCCAGTACTCCAGACAACGCCTCCAGTTACTCTTGAGACACATCTCTAGAGAGAGCATCAAAGGCTTCACTGCTGACCTTAACAAAGGCGAGACATCTTTCCACCTGAAGAAACCATTTGCTCAAGAGGAAGACTCAGCCATGTATTACTGTGCTCAAGAACTATGGTGGTGCTACAAACAAGCTCATCTTTGGAACTGGCACTCTGCTTGCTGTCCAGCCAA
54;AGTCAACAGGGAGAAGAGGATCCTCAGGCCTTGAGCATCCAGGAGGGTGAAAATGCCACCATGAACTGCAGTTACAAAACTAGTATAAACAATTTACAGTGGTATAGACAAAATTCAGGTAGAGGCCTTGTCCACCTAATTTTAATACGTTCAAATGAAAGAGAGAAACACAGTGGAAGATTAAGAGTCACGCTTGACACTTCCAAGAAAAGCAGTTCCTTGTTGATCACGGCTTCCCGGGCAGCAGACACTGCTTCTTACTTCTGTGCTACGGAGGGGGCTGGGAGTTACCAACTCACTTTCGGGAAGCGCACCAAACTCTCGGTCATACCAA
55;ACCCAGCTGCTGGAGCAGAGCCCTCAGTTTCTAAGCATCCAAGAGGGAGAAAATCTCACTGTGTACTGCAACTCCTCAAGTGTTTTTTCCAGCTTACAATGGTACAGACAGGAGCCTGGGGAAGGTCCTGTCCTCCTGGTGACAGTAGTTACGGGTGGAGAAGTGAAGAAGCTGAAGAGACTAACCTTTCAGTTTGGTGATGCAAGAAAGGACAGTTCTCTCCACATCACTGCAGCCCAGCCTGGTGATACAGGCCTCTACCTCTGTGCAGGAGATGACAGGTGCTACAAACAAGCTCATCTTTGGAACTGGCACTCTGCTTGCTGTCCAGCCAA
56;GCTCAGAAGGTAACTCAAGCGCAGACTGAAATTTCTGTGGTGGAGAAGGAGGATGTGACCTTGGACTGTGTGTATGAAACCCGTGATACTACTTATTACTTATTCTGGTACAAGCAACCACCAAGTGGAGAATTGGTTTTCCTTATTCGTCGGAACTCTTTTGATGAGCAAAATGAAATAAGTGGTCGGTATTCTTGGAACTTCCAGAAATCCACCAGTTCCTTCAACTTCACCATCACAGCCTCACAAGTCGTGGACTCAGCAGTATACTTCCGTGCTCTGAGTGAGCCTGTCTGGTTCTGCAAGGCAACTGACCTTTGGATCTGGGACACAATTGACTGTTTTACCTG
57;GAGGCCCTGAACATTCAGGAGGGTAAAGCGGCCACCCTGACCTGCAACTATACAAACTATTCTCCAGCATACTTACAGTGGTACCGACAAGATCCAGGAAGAGGCCCTGTTTTCTTGCTACTCATACGTGAAAATGAGAAAGAAAAAAGGAAAGAAAGACTGAAGGTCACCTTTGATACCACCCTTAAACAGAGTTTGTTTCATGTCACAGCCTCCCAGCCTGCAGACTCAGCTACCTACCTCTGTGCTTTTAAGTCAGATGGCCAGAAGCTGCTCTTTGCAAGGGGAACCATGTTAAAGGTGGATCTTA
58;GGAGAGAATGTGGAGCAGCATCCTTCAACCCTGAGTGTCCAGGAGGGAGACAGCGCTGTTATCAAGTGTACTTATTCAGACAGTGCCTCAAACTACTTCCCTTGGTATAAGCAAGAACTTGGAAAAGGACCTCAGCTTATTATAGACATTCGTTCAAATGTGGGCGAAAAGAAAGACCAACGAATTGCTGTTACATTGAACAAGACAGCCAAACATTTCTCCCTGCACATCACAGAGACCCAACCTGAAGACTCGGCTGTCTACTTCTGTGCAGCATAGGAATAACAATGCCAGACTCATGTTTGGAGATGGAACTCAGCTGGTGGTGAAGCCCA
59;GGAAATTCAGTGACCCAGATGGAAGGGCCAGTGACTCTCTCAGAAGAGGCCTTCCTGACTATAAACTGCACGTACACAGCCACAGGATACCCTTCCCTTTTCTGGTATGTCCAATATCCTGGAGAAGGTCTACAGCTCCTCCTGAAAGCCACGAAGGCTGATGACAAGGGAAGCAACAAAGGTTTTGAAGCCACATACCGTAAGGAAACCACTTCTTTCCACTTGGAGAAAGGCTCAGTTCAAGTGTCAGACTCAGCGGTGTACTTCTGTGCTGGAGAGGGAGATAACTCAGGGCGGATCTGAAAAGCTGGTCTTTGGAAAGGGAACGAAACTGACAGTAAACCCAT
60;AGCCAAAAGATAGAACAGAATTCCGAGGCCCTGAACATTCAGGAGGGTAAAACGGCCACCCTGACCTGCAACTATACAAACTATTCCCCAGCATACTTACAGTGGTACCGACAAGATCCAGGAAGAGGCCCTGTTTTCTTGCTACTCATACGTGAAAATGAGAAAGAAAAAAGGAAAGAAAGACTGAAGGTCACCTTTGATACCACCCTTAAACAGAGTTTGTTTCATATCACAGCCTCCCAGCCTGCAGACTCAGCTACCTACCTCTGTGCTCTGACAGGAGGAGGTGCTGACGGACTCACCTTTGGCAAAGGGACTCATCTAATCATCCAGCCCT
61;GGAGAGAGTGTGGGGCTGCATCTTCCTACCCTGAGTGTCCAGGAGGGTGACAACTCTATTATCAACTGTGCTTATTCAAACAGCGCCTCAGACTACTTCATTTGGTACAAACAAGAATCTGGAAAAGGTCCTCAATTCATGATAGACATTCGTTCAAATATGGACAAAAGGCAAGGCCAAAGAGTCACCGTTTTATTGAATAAGACAGTGAAACATCTCTCTCTGCAAATTGCAGCTACTCAACCTGGAGACTCAGCTGTCTACTTTTGTGCAGAGAGGATTAGTACTCTCTGAGGAGGAAACAAACTCATCTTTGGGACAGGCACTCAGCTAAAAGTGGAACTCA
62;GCTCAGAAGGTAACTCAAGCGCAGACTGAAATTTCTGTGGTGGAGAAGGAGGATGTGACCTTGGACTGTGTGTATGAAACCCGTGATACTACTTATTACTTATTCTGGTACAAGCAACCACCAAGTGGAGAATTGGTTTTCCTTATTCGTCGGAACTCTTTTGATGAGCAAAATGAAATAAGTGGTCGGTATTCTTGGAACTTCCAGAAATCCACCAGTTCCTTCAACTTCACCATCACAGCCTCACAAGTCGTGGACTCAGCAGTATACTTCTGTGCTCCTTCTACTGGAGGCTTCAAAACTATCTTTGGAGCAGGAACAAGACTATTTGTTAAAGCAA
63;GGAGAGAGTGTGGGGCTGCATCGTCCTACCCTGAGTGTCCAGGAGGGTGACAACTCTATTATCAACTGTGCTTATTCAATCAGCGCCTCAGACTACTTCATTTGGTACAAACAAGAATCTGGAAAAGGTCCTCAATTCATTATAGACATTCGTTCAAATATGGACAAAAGGCAAGGCCAAAGAGTCACCGTTTTATTGAATAAGACAGTGAAACATCTCTCTCTGCAAATTGCAGCTACTCAACCTGGAGACTCAGCTGTCTACTTTTGTGCAGAGTGTCAGGATACAGCACCCTCACCTTTGGGAAGGGGACTATGCTTCTAGTCTCTCCAG
64;GCCCAGTCTGTGACCCAGCCTGACATCCACATCACTGTCTCTGAAGGAGCCTCACTGGAGTTGAGATGTAACTATTCCTATGGGGCAACACCTTATCTCTTCTGGTATGTCCAGTCCCCCGGCCAAGGCCTCCAGCTGCTCCTGAAGTACTTTTCAGGAGACACTCTGGTTCAAGGCATTAAAGGCTTTGAGGCTGAATTTAAGAGGAGTCAATCTTCCTTCAACCTGAGGAAACCCTCTGTGCATTGGAGTGATGCTGCTGAGTACTTCTGTGCTGGTCGGCCCAGCGGCGAACACCGGTAACCAGTTCTATTTTGGGACAGGGACAAGTTTGACGGTTATTCCAA
65;AAACAGGAGGTGACACAGATTCCTGCAGCTCTGAGTGTCCCAGAAGGAGAAAACTTGGTTCTCAGCTGCAGTTTCACTGATAGCGCTATTTACAACCTCCAGTGGTTTAGGCAGGACCCAGGGAAAGGTCTCACATCTCTGTTGCTTATTCAGTCAAGTCAGAGAGAGCAAACAAGTGGAAGACTTAATGCCTCGCTGGATAAATCATCAGGACGTAGTACTTTATACATTGCAGCTTCTCAGCCTGGTGACTCAGCCACCTACCTCTGTGCCCGCATGGCTCTAGCAACACAGGCAAACTAATCTTTGGGCAAGGGACAACTTTACAAGTAAAACCAG
66;GAAGACCAGGTGACGCAGAGTCCCGAGGCCCTGAGACTCCAGGAGGGAGAGAGTAGCAGTCTTAACTGCAGTTACACAGTCAGCGGTTTAAGAGGGCTGCTCTGGTATAGGCAAGATCCTGGAAAAGGCCCTGAATTCCTCTACACCCTGTATTCAGCTGGGGAAGAAAAGGAGAAAGAAAGGCTAAAAGCCACATTAACAAAGAAGGAAAGCTTTCTGCACATAACAGCCCCTAAACCTGAAGACTCAGCCACTTATCTCTGTGCTGTGCAGGCTAAAGCTGCAGGCAACAAGCTAACTTTTGGAGGAGGAACCAGGGTGCTAGTTAAACCAA
67;GCTCAGAAGGTAACTCAAGCGCAGACTGAAATTTCTGTGGTGGAGAAGGAGGATGTGACCTTGGACTGTGTGTATGAAACCCGTGATACTACTTATTACTTATTCTGGTACAAGCAACCACCAAGTGGAGAATTGGTTTTCCTTATTCGTCGGAACTCTTTTGATGAGCAAAATGAAATAAGTGGTCGGTATTCTTGGAACTTCCAGAAATCCACCAGTTCGTTCAACTTCACCATCACAGCCTCACAAGTCGTGGACTCAGCAGTATACTTCTGTGCTCTGAGTGAGGCGTACGGGGGTTACCAGAAAGTTACCTTTGGAATTGGAACAAAGCTCCAAGTCATCCCAA
68;GCCCAGTCAGTGACCCAGCCTGACATCCACATCACTGTCTCTGAAGGAGCCTCACTGGAGTTGAGATGTAACTATTCCTATGGGGCAACACCTTATCTCTTCTGGTATGTCCAGTCCCCCGGCCAAGGCCTCCAGCTGCTCCTGAAGTACTTTTCAGGAGACACACTGGTTCAAGGCATTAAAGGCTTTGAGGCTGAATTTAAGAGGAGTCAATCTTCCTTCAATCTGAGGAAACCCTCTGTGCATTGGAGTGATGCTGCTGAGTACTTCTGTGCTGTGGGTGCGGACGGGGAGGAGGTGCTGACGGACTCACCTTTGGCAAAGGGACTCATCTAATCATCCAGCCCT
69;GATGCTAAGACCACCCAGCCCACCTCCATGGATTGCGCTGAAGGAAGAGCTGCAAACCTGCCTTGTAATCACTCTACCATCAGTGGAAATGAGTATGTGTATTGGTATCGACAGATTCACTCCCAGGGGCCACAGTATATCATTCATGGTCTAAAAAACAATGAAACCAATGAAATGGCCTCTCTGATCATCACAGAAGACAGAAAGTCCAGCACCTTGATCCTGCCCCACGCTACGCTGAGAGACACTGCTGTGTACTATTGCATCGTCAGTCCCCGTTTAATGCTGGTGGTACTAGCTATGGAAAGCTGACATTTGGACAAGGGACCATCTTGACTGTCCATCCAA
70;GCTCAGAAGGTAACTCAAGCGCAGACTGAAATTTCTGTGGTGGAGAAGGAGGATGTGACCTTGTACTGTGTGTATGAAACCCGTGATACTACTTATTACTTATTCTGGTACAAGCAACCACCAAGTGGAGAATTGGTTTTCCTTATTCGTCGGAACTCTTTTGATGAGCAAAATGAAATAAGTGGTCGGTATTCTTGGAACTTCCAGAAATCCACCAGTTCCTTCAACTTCACCATCACAGCCTCACAAGTCGTGGACTCAGCAGTATACTTCTGTGCTCTGAGAGAGGCGAGAAATTAACCTTTGGGACTGGAACAAGACTCACCATCATACCCA
71;GGAGAGAATGTGGAGCAGCATCCTTCAACCCTGAGTGTCCAGGAGGGAGACAGCGCTGTTATCAAGTGTACTTATTCAGACAGTGCCTCAAACTACTTCCCTTGGTATAAGCAAGAACTTGGAAAAAGACCTCATCTTATTATAGACATTCGTTCAAATGTGGGCGAAAAGAAAGACCAACGAATTGCTGTTACATTCAACAAGACAGCCAAACATTTCTCCCTGCACATCACAGAGACCCAACCTGAAGACTCGGCTGTCTACTTCTGTGCAGCAAGTATCGCAGAATAATGCAGGCAACATGCTCACCTTTGGAGGGGGAACAAGGTTAATGGTCAAACCCC
72;GCTCAGAAGGTAACTCAAGCGCAGACTGAAATTTCTGTGGTGGAGAAGGAGGATGTGACCTTGGACTGTGTGTATGAAACCCGTGATACTACTTATTACTTATTCTGGTACAAGCAACCACCAAGTGGAGAATTGGTTTTCCTTATTCGTCGGAACTCTTTTGATGAGCAAAATGAAATAAGTGGTCGGTATTCTTGGAACTTCCAGAAATCCACCAGTTCCTTCAACTTCACCATCACAGCCTCACAAGTCGTGGACTCAGCAGTATACTTCTGTGCTCTGAGTGGAAGGAGCCTGGAGCCAATAGTAAGCTGACATTTGGAAAAGGAATAACTCTGAGTGTTAGACCAG
73;GACCAGCAAGTTAAGCAAAATTCACCATCCCTGAGCGTCCAGGAAGGAAGAATTTCTATTCTGAACTGTGACTATACTAACAGCATGTTTGATTATTTCCTATGGTACAAAAAGTACCCTGCTGAAGGTCCTACATTCCTGATATCTTTAAGTTCCATTAAGGATAAAAATGAAGATGGAAGATTCACTGTTTTCTTAAACAAAAGTGCCAAGCACCTCTCTCTCGACATTGTGCCCTCCCAGCCTGGAGACTCTGCAGTGTACTTCTGTGCAGCAAGCTCAGGAAACACACCTCTTGTCTTTGGAAAGGGCACAAGACTTTCTGTGATTGCAA
74;GGAGATTCAGTGACCCAGATGGAAGGGCCAGTGACTCTCTCAGAAGAGGCCTTCCTGACTATAAACTGCACGTACACAGCCACAGGATACCCTTCCCTTTTCTGGTATGTCTAATATCCTGGAGAAGGTCTACAGCTCCTCCTGAAAGCCACGAAGGCTGATGACAAGGGAAGCAACAAAGGTTTTGAAGCCACATACCGTAAGGAAACCACTTCTTTCCACTTGGAGAAAGGCTCAGTTCAAGTGTCAGACTCAGCGGTCTACTTCTGAGGAACACAGGCTTTCAGAAACTTGTATTTGGAACTGGCACCCGACTTCTGGTCAGTCCAA
75;CAGCAGCAGGTGAAACAAAGTCCTCAATCTTTGATAGTCCAGAAAGGAGGGACTTCAATTATAAACTGTGCTTATGAGAACACTGCGTTTGACTACTTTCCATGGTACCAACAATTCCCTGGGAAAGGCCCTGCATTATTGATAGCCATACGTCCAGATGTGAGTGAAAAGAAAGAAGGAAGATTCACAATCTCCTTCAATAAAAGTGCCAAGCAGTTCTCATTGCATATCATGGATTCCCAGCCTGGAGACTCAGCCACCTACTTCTGTGCAGCAAGCATGGACAGGGGGAACCTACAAATACATCTTTGGAACAGGCACCAGGCTGAAGGTTTTAGCAA
76;AGTCAACAGGGAGAAGAGGATCCTCAGGCCTTGAGCATCCAGGAGGGTGAAAATGCCACCATGAACTGCAGTTACAAAACTAGTATAAACAATTTACAGTGGTATAGACAAAATTCAGGTAGAGGCCTTGTCCACCTAATTTTAATACGTTCAAATGAAAGAGAGAAACACAGTGGAAGATTAAGAGTCACGCTTGACACTTCCAAGAAAAGCAGTTCCTTGTTGATCACGGCTTCCCGGGCAGCAGACACTGCTTGTTACTTCTGTGCTACGTTGTTGTAGGGCGGATCTGAAAAGCTGGTCTTTGGAAAGGGAACGAAACTGACAGTAAACCCAT
77;GCTCAGAAGATAACTCAAACCCAACCAGGAATGTTCGTGCAGGAAAAGGAGGCTGTGACTCTGGACTGCACATATGACACCAGTGATCCAAGTTATGGTCTATTCTGGTACAAGCAGCCCAGCAGTGGGGAAATGATTTTTCTTATTTATCAGGGGTCTTATGACCAGCAAAATGCAACAGAAGGTCGCTACTCATTGAATTTCCAGAAGGCAAGAAAATCCGCCAACCTTGTCATCTCCGCTTCACAACTGGGGGACTCAGCAATGTACTTCTGTGCAATGAGAGAGTGGTGGGGGCTCTAGCAACACAGGCAAACTAATCTTTGGGCAAGGGACAACTTTACAAGTAAAACCAG
78;CGGAAGGAGGTGGAGCAGGATCCTGGACCCTTCAATGTTCCAGAGGGAGCCACTGTCGCTTTCAACTGTACTTACAGCAACAGTGCTTCTCAGTCTTTCTTCTGGTACAGACAGGATTGCAGGAAAGAACCTAAGTTGCTGATGTCCGTATACTCCAGTGGTAATGAAGATGGAAGGTTTACAGCACACGTCAATAGAGCCAGCCAGTATATTTCCCTGCTCATCAGAGACTCCAAGCTCAGTGATTCAGCCACCTACCTCTGTGTGGTGAACAGCGGGAGGAGGAAACAAACTCACCTTTGGGACAGGCACTCAGCTAAAAGTGGAACTCA
79;GGAGAGAATGTGGAGCAGCATCCTTCAACCCTGAGTGTCCAGGAGGGAGACAGCGCTGTTATCAAGTGTACTTATTCAGACAGTGCCTCAAACTACTTCCCTTGGTATAAGCAAGAACTTGGAAAAGGACCTCAGCTTATTATAGACATTCGTTCAAATGTGGGCGAAAAGAAAGACCAACGAATTGCTGTTACATTGAACAAGACAGCCAAACATTTCTCCCTGCACATCACAGAGACCCAACCTGAAGACTCGGCTGTCTACTTCTGTGCAGCAAGTAGTTGTCGGCTCTAGCAACACAGGCAAACTAATCTTTGGGCAAGGGACAACTTTACAAGTAAAACCAG
80;AAACAGGAGGTGACGCAGATTCCTGCAGCTCTGAGTGTCCCAGAAGGAGAAAACTTGGTTCTCAACTGCAGTTTCACTGATAGCGCTATTTACAACCTCCAGTGGTTTAGGCAGGACCCTGGGAAAGGTCTCACATCTCTGTTGCTTATTCAGTCAAGTCAGAGAGAGCAAACAAGTGGAAGACTTAATGCCTCGCTGGATAAATCATCAGGACGTAGTACTTTATACATTGCAGCTTCTCAGCCTGGTGACTCAGCCACCTACCTCTGTGCTGTGAGGCTTGGCTAACTTTGGAAATGAGAAATTAACCTTTGGGACTGGAACAAGACTCACCATCATACCCA
81;GGAGAGGATGTGGAGCAGAGTCTTTTCCTGAGTGTCCGAGAGGGAGACAGCTCCGTTATAAACTGCACTTACACAGACAGCTCCTCCACCTACTTATACTGGTATAAGCAAGAACCTGGAGCAGGTCTCCAGTTGCTGACGTATATTTTTTCAAATATGGACATGAAACAAGACCAAAGACTCACTGTTCTATTGAATAAAAAGGATAAACATCTGTCTCTGCGCATTGCAGACACCCAGACTGGGGACTCAGCTATCTACTTCTGTGCAGAGGAAGCAGTGCTTCCAAGATAATCTTTGGATCAGGGACCAGACTCAGCATCCGGCCAA
82;GAGCTGAAAGTGGAACAAAACCCTCTGTTCCTGAGCATGCAGGAGGGAAAAAACTATACCATCTACTGCAATTATTCAACCACTTCAGACAGCCTGTATTGGTACAGGCAGGATCCTGGGAAAAGTCTGGAATCTCTGTTTGTGGTGCTATCAAATGGAGCAGTGAAGCAGGAGGGACGATTAATGGCCTCACTTGATACCAAAGCCCGTCTCAGCACCCTCCACATCACAGCTGCCGTGCATGACCTCTCTGCCACCTACTTCTGTGCCGTGGGGCCTTACAAACTGGTCTTTGGCGCAGGAACCATTCTGAGAGTCAAGTCCT
83;AGTCAACAGGGAGAAGAGGATCCTCAGGCCTTGAGCATCCAGGAGGGTGAAAATGCCACCATGAACTGCAGTTACAAAACTAGTATAAACAATTTACAGTGGTATAGACAAAATTCAGGTAGAGGCCTTGTCCACCTAATTTTAATACGTTCAAATGAAAGAGAGAAACACAGTGGAAGATTAAGAGTCACGCTTGAAACTTCCAAGAAAAGCAGTTCCTTGTTGATCACGGCTTCCCGGGCAGCAGACACTGCTTCTTACTTCTGTGCTACGGACCCTAGCAACACAGGCAAACTAATCTTTGGGCAAGGGACAACTTTACAAGTAAAACCAG
84;GGAGAGAGTGTGGGGCTGCATCTTCCTACCCTGAGTGTCCAGGAGGGTGACAACTCTATTATCAACTGTGCTTATTCAAACAGCGCCTCAGACTACTTCATTTGGTACAAGCAAGAATCTGGAAAAGGTCCTCAATTCATTATAGACATTCGTTCAAATATGGACAAAAGGCAAGGCCAAAGAGTCACCGTTTTATTGAATAAGACAGTGAAACATCTCTCTCTGCAAATTGCAGCTACTCAACCTGGAGACTCAGCTGTCTACTTTTGTTTTGACACGGGCAGGAGAGCACTTACTTTTGGGAGTGGAACAAGACTCCAAGTGCAACCAA
85;GGAGAGAATGTGGAGCAGCATCCTTCAACCCTGAGTGTCCAGGAGGGAGACAGCGCTGTTATCCAGTGTACTTATTCAGACAGTGCCTCAAACTACTTCCCTTGGCATAAGCAAGAACTTGGAAAAAGACCTCAGCTTATTATAGACATTCGTTCAAATGTGGGCGAAAAGAAAGACCAACGAATTGCTGTTACATTGAACAAGACAGCCAAACATTTCTCCCTGCACATCACAGAGACCCAACCTGAAGACTCGGCTGTCTACTTCTGTGCAGCCACCCGATTTATAACCAGGGAGGAAAGCTTATCTTCGGACAGGGAACGGAGTTATCTGTGAAACCCA
86;GGAGGGAATGTGGAGCAGCCTCCTTCAACCCTGAGTGTCCAGGAGGGAGACAGCGCTGTTATCAAGTGTACTTATTCAGACAGTGCCTCAAACTACTTCCCTTGGTATAAGCAAGAACTTGGAAAAAGACCTCAGCTTATTATAGACATTCGTTCAAATGTGGGCGAAAAGAAAGACCAACGAATTGCTGTTACATTGAACAAGACAGCCAAACATTTCTCCCTGCACATCACAGAGACCCAACCTGAAGACTCGGCTGTCTACTTCTGTGCAGCAATCTCGCCCTTGCATCAGGAGGAAGCTACATACCTACATTTGGAAGAGGAACCAGCCTTATTGTTCATCCGT
87;GGACAACAGGTAATGCAAATTCCTCAGTACCAGCATGTACAAGAAGGAGAGGACTTCACCACGTACTGCAATTCCTCAACTACTTTAAGCAATATACAGTGGTATAAGCAAAGGCCTGGTGGACATCCCGTTTTTTTGATACAGTTAGTGAAGAGTGGAGAAGTGAAGAAGCAGAAAAGACTGACATTTCAGTTTGGAGAAGCAAAAAAGAACAGCTCCTTGCACATCACAGCCACCCAGACTACAGATGTAGGAACCTACTTCTGTGCAGGCTCTAGCACCACAGGCAAACTAATCTTTGGGCAAGGGACAACTTTACAAGTAAAACCAG
88;GACCAGCAAGTTAAGCAAAATTCACCATCCCTGAGCGTCCAGGAAGGAAGAATTTCTATTCTGAACTGTGACTATACTAACAGCATGTTTGATTATTTCCTATGGTACAAAAAATACCCTGCTGAAGGTCCTACATTCCTGATATCTATAAGTTCCATTAAGGATAAAAATGAAGATGGAAGATTCACTGTCTTCTTAAACAAAAGTGCCAAGCACCTCTCTCTGCACATTGTTCCCTCCCAGCCTCGAGACTCTGCAGTGTACTTCTGTGCAGCAAGCGCGGGTGGAATTCAGGAAACACACCTCTTGTCTTTGGAAAGGGCACAAGACTTTCTGTGATTGCAA
89;GCTCAGAAGGTAACTCAAGCGCAGACTGAAATTTCTGTGGTGGAGAAGGAGGATGTGACCTTGGACTGTGTGTATGAAACCCGTGATACTACTTATTACTTATTCTGGTACAAGCAACCACCAAGTGGAGAATTGGTTTTCCTTATTCGTCGGAACTCTTTTGATGAGCAAAATGAAATAAGTGGTCGGTATTCTTGGAACTTCCAGAAATCCACCAGTTCCTTCAACTTCACCATCACAGCCTCACAAGTCGTGGACTCAGCAGTATACTTCTGTGCTCTGATTGGCGGGGACTTTGGAAATGAGAAATTAACCTTTGGGACTGGAACAAGACTCACCATCATACCCA
90;AAAAACCAAGTGGAGCAGAGTCCTCAGTCCCTGATCATCCTGGAGGGAAAGAACTGCACTCTTCAATGCAATTATACAGTGAGCCCCTTCAGCAACTTAAGGTGGTATAAGCAAGATACTGGGAGCGGTCCTGTTTCCCTGACAATCATGACTTTCAGTGAGAACACAAAGTCGAACGGAAGATATACAGCAACTCTGGATGCAGACACAAAGCAAAGCTCTCTGCACATCACAGCCTCCCAGCTCAGCGATTCAGCCTCCTACATCTGTGTGGTGAGGGGAAAGGCATGGATAGCAACTATCAGTTAATCTGGGGCGCTGGGACCAAGCTAATTATAAAGCCAG
91;CTTGCTAAGACCACCCAGCCCATCTCCATGGACTCATATGAAGGACAAGAAGTGAACATAACCTGTAGCCACAACAACATTGCTACAAATGATTATATCACGTGGTACCAACAGTTTCCCAGCCAAGGACCACGATTTATTATTCAAGGATACAAGACAAAAGTTACAAACGAAGTGGCCTCCCTGTTTATCCCTGCCGACAGAAAGTCCAGCACTCTGAGCCTGCCCCGGGTTTCCCTGAGCGACACTGCTGTGTACTACTGCCTCGTGGGTGCGAGGTGGTGTACAATAACAATGACATGCGCTTTGGAGCAGGGACCAGACTGACAGTAAAACCAA
92;GCTCAGAAGGTAACTCAAGCGCAGACTGAAATTTCTGTGGTGGAGAAGGAGGATGTGACCTTGGACTGTGTGTATGAAACCCGTGATACAACTTATTACTTATTCTGGTACAAGCAACCACCAAGTGGAGAATTGGTTTTCCTTATTCGTCGGAACTCTTTTGATGAGCAAAATGAAATAAGTGGTCGGTATTCTTGGAACTTCCAGAAATCCACCAGTTCCTTCAACTTCACCATCACAGCCTCACAAGTCGTGGTCTCAGCAGTATACTTCTGTGCTCTGAGTGGGGAAGGATAGCAACTATCAGTTAATCTGGGGCGCTGGGACCAAGCTAATTATAAAGCCAG
93;GGAATACAAGTGGAGCAGAGTCCTCCAGACCTGATTCTCCAGGAGGGAGCCAATTCCACGCTGCGGTGCAATTTTTCTGACTCTGTGAACAATTTGCAGTGGTTTCATCAAAACCCTTGGGGACAGCTCATCAACCTGTTTTACATTCCCTCAGGGACAAAACAGAATGGAAGATTAAGCGCCACGACTGTCGCTACGGAACGCTACAGCTTATTGTACATTTCCTCTTCCCAGACCACAGACTCAGGCGTTTATTGCCGGGAGGAGGAAACAAACTCACCTTTGGGACAGGCACTCAGCTAAAAGTGGAACTCA
94;GGTCAACAGCTGAATCAGAGTCCTCAATCTATGTTTATCCAGGAAGGAGAAGATGTCTCCATGAACTGCACTTCTTCAAGCATATTTAACACCTGGCTATGGTACAAGCAGGAACCTGGGGAAGGTCCTGTCCTCTTGATAGCCGTATATAAGGCTGGTGAATTGACCTCAAATGGAAGACTGACTGCTCAGTTTGGTATAACCAGAAAGGACAGCTTCCTGAATATCTCAGCATCCATACCTAGTGATGTAGGCATCTACTTCTGTGCTGGGCAGGGATGGAACCTACAAATACATCTTTGGAACAGGCACCAGGCTGAAGGTTTTAGCAA
95;CTTGCTAAGACCACCCAGCCCATCTCCATGGACTCATATGAAGGACAAGAAGTGAACATAACCTGTAGCCACAAAAACATTGCTACAAATGATTATATCACGTGGTACCAACAGTTTCCCAGCCAAGGACCACGATTTATTATTCAAGGATACAAGACAAAAGTTACAAACGAAGTGGCCTCCCTGTTTATCCCTGCCGACAGAAAGTCCAGCACTCTGAGCCTGCCCCGGGTTTCCCTGAGCGACACTGCTGTGTACTACTGCCTCGTGGGTGCACACTAGGGATATAACATGGATAGCAACTATCAGTTAATCTGGGGCGCTGGGACCAAGCTAATTATAAAGCCAG
96;GGAGAGAATGTGGAGCAGCATCCTTCAACCCTGAGTGTCCAGGAGGGAGACAGCGCTGTTATCAAGTGTACTTATTCAGACAGTGCCTCAAACTACTTCCCTTCGTATAAGCAAGAACTTGGAAAAGGACCTCAGCTTATTATAGACATTCGTTCAAATGTGGGCGAAAAGAAAGACCAACGAATTGCTGTTACATTGAACAAGACAGCCAAACATTTCTCCCTGCACATCACAGAGACCCAACCTGAAGACTCGGCTGTCTACTTCTGTGCGCCGCTCCCACGGGCAGGAGAGCACTTACTTTTGGGAGTGGAACAAGACTCCAAGTGCAACCAA
97;GAAGACAAGGTGGTACAAAGCCCTCTATCTCTGGTTGTCCACGAGGGAGACACCGTAACTCTCAATTGCAGTTATGAAGTGACTAACTTTCGAAGCCTACTATGGTACAAGCAGGAAAAGAAAGCTCCCACATTTCTATTTATGCTAACTTCAAGTGGAATTGAAAAGAAGTCAGGAAGACTAAGTAGCATATTAGATAAGAAAGAACTTTCCAGCATCCTGAATATCACAGCCACCCAGACCGGAGACTCGGCCATCTACCTCTGTGCTGTGATTTGAGGGCGGTGGTACTAGCTATGGAAAGCTGACATTTGGACAAGGGACCATCTTGACTGTCCATCCAA
98;AAAAATGAAGTGGAGCAGAGTCCTCAGAACCTGACTGCCCAGGAAGGAGAATTTATCACAATCAACTGCAGTTACTCGGTAGGAATAAGTGCCTTACACTGGCTGCAACAGCATCCAGGAGGAGGCATTGTTTCCTTGTTTATGCTGAGCTCAGGGAAGAAGAAGCATGGAAGATTAATTGCCACAATAAACATACAGGAAAAGCACAGCTCCCCGCACATCACAGCCTCCCATCCCAGAGACTCTGCCGTCTACATCTGTGCTGTCAGGACGAAAGTAATAACAATGACATGCGCTTTGGAGCAGGGACCAGACTGACAGTAAAACCAA
99;GGAAATTCAGTGACCCAGATGGAAGGGCCAGTGACTCTCTCAGAAGAGGCCTTCCTGACTATAAACTGCACGTACACAGCCACAGGATAACCTTCCCTTTTCTGGTATGTCCAATATCCTGGAGAAGGTCTACAGCTCCTCCTGAAAGCCACGAAGGCTCATGACAAGGGAAGCAACAAAGGTTTTGAAGCCACATACCGTAAAGAAACCACTTCTTTCCACTTGGAGAAAGGCTCAGTTCAAGTGTCAGACTCAGCGGTGTACTTCTGTGCTCTGAGTGGGCGGTTACCAGAAAGTTACCTTTGGAATTGGAACAAAGCTCCAAGTCATCCCAA
