seq_index,nt_CDR3,anchors_found,is_inframe
0,AAACAGGAGGTGACGCAGATTCCTGCAGCTCTGAGTGTCCCAGAAGGAGAAAACTTGGTTCTCAACTGCAGTTTCACTGATAGCGCTATTTACAACCTCCAGTGGTTTAGGCAGGACCCTGGGAAAGGTCTCACATCTCTGTTGCTTATTCAGTCAAGTCAGAGAGAGCAAACAAGTGGAAGACTTAATGCCTCGCTGGATAAATCATCAGGACGTAGTACTTTATACATTGCAGCTTCTCAGCCTGGTGACTCAGCCACCTACCTCTGTGCTCGC,0,1
1,CTTGCTAAGACCACCCAGCCCATCTCCATGGACTCATATGAAGGACAAGAAGTGAACATAACCTGTAGCCACAACAACATTGCTACAAATGATTATATCACGTGGTACCAACAGTTTCCCAGCCAAGGACCACGATTTATTATTCAAGGATACAAGACAAAAGTTACAAACGAAGTGGCCTCCCTGTTTATCCCTGCCGACAGAAAGTCCAGCACTCTGAGCCTGCCCCGGGTTTCCCTGAGCGACACTGCTGTGTACTACTGCCTCGTGGAACT,0,0
2,GGAGAGAGTGTGGGGCTGCATCTTCCTACCCTGAGTGTCCAGGAGCGTGACAACTCTATTATCAACTGTGCTTATTCAAACAGCGCCTCAGACTACTTCATTTGGTACAAGCAAGAATCTGGAAAAGGTCCTCAATTCATTATAGACATTCGTTCAAATATGGACAAAAGGCAAGGCCAAAGAGTCACCGTTTTATTGAATAAGACAGTGAAACATCTCTCTCTGCAAATTGCAGCTACTCAACCTGGAGACTCAGCTGTCTACTTTTGTGCAGAGAAGATACACCA,0,0
3,GATGCTAAGACCACCCAGCCCACCTCCATGGATTGCGCTGAAGGAAGAGCAGCAAACCTGCCTTGTAATCACTCTACCATCAGTGGAAATGAGTATGTGTATTGGTATCGACAGATTCACTCCCAGGGGCCACAGTATATCATTCATGGTCTAAAAAACAATGAAACCAATGAAATGGCCTCTCTGATCATCACAGAATACAGAAAGCCCAGCACCTTGATCCTGCCCCACGCTACGCTGAGAGACACTGCTGTGTACTATTGCAT,0,0
4,GGACAAAGCCTTGAGCAGCCCTCTGAAGTGACAGCTGTGGAAGGAGCCATTGTCCAGATAAACTGCACGTACCAGACATCTGGGTTTTATGGGCTGTCCTGGTACCAGCAACATGATGGCGGAGCACCCACATTTCTTTCTTACAATGCTCTGGATGGTTTGGAGGAGACAGGTCGTTTTTCTTCATTCCTTAGTCGCTCTGATAGTTATGGTTACCTCCTTCTACAGGAGCTCCAGATGAAAGACTCTGCCTCTTACTTCTGCGCTGTG,0,1
5,GGAATACATGTGGAGCAGAGTCCTCCAGACCTGATTCTCCAGGAGGGAGCCAATTCCACGCTTCGGTGCAATTTTTCTGACTCTGTGAACAATTTGCAGTGGTTTCATCAAAACCCTTGGGGACAGCTCATCAACCTGTTTTACATTCCCTCAGGGACAAAACAGAATGGAAGATTCAGCGCCACGACTGTCGCTACGGAACGCTACAGCTTATTGTACATTTCCTCTTCCCAGACCACAGACTCAGGCGTTTATTTCTGT,0,1
6,GCCCAGTCTTTGAGCCAGCATAACCACCACGTAATTCTCTCTGAAGCAGCCTCACTGGAGTTGGGATGCGACTATTCCTATGGTGGAACTGTTAATCTCTTCTGGTATGTCCAGTACCCTGGTCAACACCTTCAGCTTCTCCTCAAGTACTTTTCAGGGGATCCACTGGTTAAAGGCATCAAGGGCTTTGAGGCTGAATTTATAAAGAGTAAATTCTCCTTTAATCTGAGGAAACCCTCTGTGCAGTGGAGTGACACAGCTGAGTACTTCTGTGCCGTGACCGGCTT,0,0
7,GACCAGCAAGTTAAGCAAAATTCACCATCCCTGAGCGTCCAGGAAGGAAGAATTTCTATTCTGAACTGTGACTATACTAACAGCATGTTTGATTATTTCCTATGGTACAAAAAATACCCTGCTGAAGGTCCTACATTCCTGATATCTATAAGTTCCATTAAGGATAAAAATGAAGATGGAAGATTCACTGTTTTCTTAAACAAAAGTGCCAAGCACCTCTCTCTCGACATTGTGCCCTCCCAGCCTGGAGACTCTGCAGTGTACTTCTGTGCAGCAAGCCCCTGCCA,0,0
8,GCTCAGAAGGTAACTCAAGCGCAGACTGAAATTTCTGTGGTGGAGAAGGAGGATGTGACCTTGGACTGTGTGTATGAAACCCGTGATACTACTTATTACTTATTCTGGTACAAGCAACCACCAAGTGGAGAATTGGTTTTCCTTATTCGTCGGAACTCTTTTGATGAGCAAAATGAAATAAGTGGTCGGTATTCTTGGAACTTCCAGAAATCCACCAGTTCCTTCAACTTCACCATCACAGCCTCACAAGTCGTGGACTCAGCAGTATACTTCTGTGCTCTGA,0,0
9,ACCCAGCTGCTGGAGCAGAGCCCTCAGTTTCTAAGCATCCAAGAGGGAGAAAATCTCACTGTGTACTGCAACTCCTCAAGTGTTTTTTCCAGCTTACAATGGTACAGACAGGAGCCTGGGGAAGGTCCTGTCCTCCTGGTGACAGTAGTTACGGGTGGAGAAGTGAAGAAGCTGAACAGACTAACCTTTCAGTTTGGTGATGCAAGAAAGGACAGTTCTCTCCACATCACTGCAGCCCAGCCTGGTGATACAGGCCTCTACCTCTGTGCAGGAGGATGGAATAAGCAT,0,1
10,CTTGCTAAGACCACCCAGCCCATCTCCATGGACTCATATGAAGGACAAGAAGTGAACATAACCTGTAGCCACAACAACATTGCTACAAATGATTATATCACGTGGTACCAACAGTTTCCCAGCCAAGGACCACGATTTATTATTCAAGGATACAAGACAAAAGTTACAAACGAAGTGGCCTCCCTGTTTATCCCTGCCGACAGAAAGTCCAGCACTCTGAGCCTGCCCCGGGTTTCCCTGAGCGACACTGCTGTGTACTACTGCCTCGTAA,0,0
11,GGAGAGAGTGTGGGGCTGCATCTTCCTACCCTGAGTGTCCAGGAGGGTGACAACTCTATTATCAACTGTGCTTATTCAAACAGCGCCTCAGACTACTTCATTTGGTACAAGCAAGAATCTGGAAAAGGTCCTCAATTCATTATAGACATTCGTTCAAATATGGACAAAAGGCAAGGCCAAAGAGTCACCGTTTTATTGAATAAGACAGTGAAACATCTCTCTCTGCAAATTGCAGCTACTCAACCTGGAGACTCAGCTGTCTAATTTTGTGCAGAGAATCCGTGG,0,1
12,GGACAAAGCCTTGAGCAGCCCTCTGAAGTGACAGCTGTGGAAGGAGCCATTGTCCAGATAAACTGCACGTACCAGACATCTGGGTTTTATGGGCTGTCCTGGTACCAGCAACATGATGGCGGAGCACCCACATTTCTTTCTTACAATGCTCTGGATGGTTTGGAGGAGACAGGTCGTTTTTCTTCATTCCTTAGTCGCTCTGATAGTTATGGTTACCTCCTTCTACAGGAGCTCCAGATGAAAGACTCTGCCTCTTACTTCTGCGCTGTGAGTCCTCCCTAC,0,1
13,GGTCAACAGCTGAATCAGAGTCCTCAATCTATGTTTATCCAGGAAGGAGAAGATGTCTCCATGAACTGCACTTCTTCAAGCATATTTAACACCTGGTTATGGTACAAGCAGGAACCTGGGGAAGGTCCTGTCCTCTTGATAGCCTTATATAAGGCTGGTGAATTGACCTCAAATGGAAGACTGACTGCTCAGTTTGGTATAACCAGAAAGGACAGCTTCCTGAATATCTCAGCATCCATACCTAGTGATGTAGGCATCTACTTCTGTGCTGGGCAGA,0,0
14,AAAAACCAAGTGGAGCAGAGTCCTCAGTCCCTGATCATCCTGGAGGGAAAGAACTGCACTCTTCAATGCAATTATACAGTGAGCCCCTTCAGCAACTTAAGGTGGTTTACGCAAGATACTGGGAGAGGTCCTGTTTCCCTGACAATCATGACTTTCAGTGAGAACACAAAGTCGAACGGAAGATATACAGCAACTCTGGATGCAGACACAAAGCAAAGCTCTCTGCACATCACAGCCTCCCAGCTCAGCGATTCAGCCTCCTACATCTGTGT,0,0
15,ACCCAGCTGCTGGAGCAGAGCCCTCAGTTTCTAAGCATCCAAGAGGGAGAAAATCTCACTGTGTACTGCAACTCCTCAAGTGTTTTTTCCAGCTTACAATGGTACAGACAGGAGCCTGGGGAAGGACCTGTCCTCCTGGTGACAGTAGTTACGGGTGGAGAAGTGAAGAAGCTGAAGAGACTAACCTTTCAGTTTGGTGATGCAAGAAAGGACAGTTCTCTCCACATCACTGCAGCCCAGCCTGGTGATACAGGCCTCTACCTCTGTCCTCATGGG,0,1
16,GGAGAGAGTGTGGGGCTGCATCTTCCTACCCTGAGTGTCCAGGAGGGTGACAACTCTATTATCAACTGTGCTTATTCAAACAGCGCCTCAGACTACTTCATTTGGTACAAGCAAGAATCTGGAAAAGGTCCTCAATTCATTATAGACATTCGTTCAAATATGGACAAAAGGCAAGGCAAAAGAGTCACCGTTTTATTGAATAAGACAGTGAAACATCTCTCTCTGCAAATTCCAGCTACTCAACCTGGAGACTCAGCTGTCTACTTTTGTGCA,0,1
17,CGGAAGGAGGTGGAGCAGGATCCTGGACCCTTCAATGTTCCAGAGGGAGCCACTGTCGCTTTCAACTGTACTTACAGCAACAGTGCTTCTCAGTCTTTCTTCTGGTACAGACAGGATTGCAGGAAAGAACCTAAGTTGCTGATGTCCGTATACTCCATTGGTAATGAAGATGGAAGGTTTACAGCACACGACAATAGAGCCAGCCAGTATATTTCCCTGCTCATCAGAGACTCCAAGCTCAGTGATTCAGCCACCTACCTCTGTGTGGTGAACATCCCCCTTAG,0,0
18,GATGCTAAGACCACCCAGCCCACCTCCATGGATTGCGCTGAAGGAAGAGCTGCAAACCTGCCTTGTAATCACTCTACCATCAGTGGAAATGAGTATGTGTATTGGTATCGACAGATTCACTCCCAGGGGCCACAGTATATCATTCATGGTCTAAAAAACAATGAAACCAATGAAATGGCCTCTCTGATCATCACAGAAGACAGAAAGTCCAGCACCTTGATCCTGCCCCACGCTACGCTGAGAGACACTGCTGTGTACTATTGCATC,0,1
19,GACCAGCAAGTTAAGCAAAATTCACCATCCCTGAGCGTCCAGGAAGGAAGAATTTCTATTCTGAACTGTGACTATACTAACAGCATGTTTGATTATTTCCTATGGTACAAAAAATACCCTGCTGAAGGTCCTACATTCCTGATATCTATAAGTTCCATTAAGGATAAAAATGAAGATGAAAGATTCACTGTCTTCTTAAACAAAAGTGCCAAGCACCTCTCTCTGCACATTGTGCCCTCCCAGCCTGGAGACTCTGCAGTGTACTTCTGTGCAGCAGAGTAC,0,1
20,GACCAGCAAGTTAAGCAAAATTCACCATCCCTGAGCGTCCAGGAAGGAAGAATTTCTATTCTGAACTGTGACTATACTAACAGCATGTTTGATTATTTCCTATGGTACAAAAAATACCCTGCTGAAGGTCCTACATTCCTGATATCTATAAGTTCCATTAAGGATAAAAATGAAGATGGAAGATTCACTGTTTTCTTAAACAAAAGTGCCAAGCACCTCTCTCGCGACATTGTGCCCTCCCAGCCTGGAGACTCTGCAGTGTACTTCTGTGCAGCAA,0,0
21,GACCAGCAAGTTAAGCAAAATTCACCATCCCTGAGCGTCCAGGAAGGAAGAATTTCTATTCTGAACTGTGACTATACTAACAGCATGTTTGATTATTTCCTATGGTACAAAAAATACCCTGCTGAAGGTCCTACATTCCTGATATCTATAAGTTCCATTAAGGATAAAAATGAAGATGGAAGATTCACTGTTTTCTTAAACAAAAGTGCCAAGCACCTCTCTCTCGACATTGTGCCCTCCCAGCCTGGAGACTCTGCAGTGTACTTCTGTGCAGCAAGCG,0,0
22,GCTCAGAAGGTAACTCAAGCGCAGACTGAAATTTCTGTGGTGGAGAAGGAGGATGTGACCTTGGACTGTGTGTATGAAACCCGTGATACTACTTATTACTTATTCTGGTACAAGCAACCACCAAGTGGAGAATTGGTTTTCCTTATTCGTCGGAACTCTTTTGATGAGCAAAATGAAATAAGTGGTCGGTATTCTTGGAACTTCCAGAAATCCACCAGTTCCTTCAACTTCACCATCACAGCCTCACAAGTCGTGGACTCAGCAGTATACTTCTGTGC,0,0
23,AAACAGGAGGTGACGCAGATTCCTGCAGCTCTGAGTGTCCCAGAAGGAGAAAACTTGGTTCTCAACTGCAGTTTCACTGATAGCGCTATTTACAACCTCCAGTGGTTTAGGCAGGACCCTGGGAAAGGTCTCACATCTCTGTTGCTTATTCAGTCAAGTCAGAGAGAGCAAACAAGTGGAAGACTTAATGCCTCGCTGGATAAATCATCAGGACGTAGTACTTTATACATTGCAGCTTCTCAGCCTGGTGACTCAGCCACCTACCTCTGTGCTGTGAGGGGGAGCC,0,0
24,AAACAGGAGGTGACGCAGATTCCTGCAGCTCTGAGTGTCCCAGAAGGAGAAAACTTGGTTCTCAACTGCAGTTTCACTGATAGCGCTATTTACAACCTCCAGTGGTTTAGGCAGGACCCTGGGAAAGGTCTCACATCTCTGTTGCTTATTCAGTCAAGTCAGAGAGAGCAAACAAGTGGAAGACTTAATGCCTCGCTGGATAAATCATCAGGACGTAGTACTTTATACATTGCAGCTTCTCAGCCTGGTGACTCAGCCACCTACCTCTGTGCTG,0,0
25,GGAGAGAATGTGGAGCAGCATCCTTCAACCCTGAGTGTCCAGGAGGGAGACAGCGCTGTTATCAAGTGTACTTATTCAGACAGTGCCTCAAACTACTTCCCTTGGTATAAGCAAGAACTTGGAAAAAGACCTCAGCTTATTATAGACATTCGTTCAAATGTGGGCGAAAAGAAAGACCAACGAATTGCTGTTACATTGAACAAGACAGCCAAACATTTCTCCCTGCACATCACAGAGACCCAACCTGAAGACTCGGCTGTCTACTTCTGTGCAGCAAGTAACC,0,0
26,GGAGAGAATGTGGAGCAGCATCCTTCAACCCTGAGTGTCCAGGAGGGAGACAGCGCTGTTATCAAGTGTACTTATTCAGACAGTGCCTCAAACTACTTCCCTTGGTATAAGCAAGAACTTGGAAAAAGACCTCAGCTTATTATAGACATTCGTTCAAATGTGGGCGAAAAGAAAGACCAACGAATTGCTGTTACATTGAACAAGACAGCCAAACATTTCTCCCTGCACATCACAGAGACCCAACCTGAAGACTCGGCTGTCTACTTCTGTGCAGCAA,0,0
27,GGAGAGAGTGTGGGGCTGCATCTTCCTACCCTGAGTGTCCAGGAGGGTGACAACTCTATTATCAACTGTGCTTATTCAAACAGCGCCTCAGACTACTTCATTTGGTACAAGCAAGAAACTGGAAAAGGTCCTCAATTCATTATAGACATTCGTTCAAATATGGACAAAAGGCAAGGCCAAAGAGTCACCGTTTTATTGAATAAGACAGTGAAACATCTCTCTCTGCAAATTGCAGCTACTCAACCTGGAGACTCAGCTGTCTACTTTTGTGCAGAGAAATGAAATATCAAGAATG,0,0
28,GGAAATTCAGTGACCCAGATGGAAGGGCCAGTGACTCTCTCAGAAGAGGCCTTCCTGACTATAAACTGCACGTACACAGCCACAGGATACCCTTCCCTTTTCTGATATGTCCAATATCCTGGAGAAGGTCTACAGCTCCTCCTGAAAGCCACGAAGGCTGATGACAAGGGAAGCAACAAAGGTTTTGAAGCCACATACCGTAAAGAAACCACTTCTTTCCACTTGGAGAAAGGCTCAGTTCAAGTGTCAGACTCAGCGGTGTACTTCTGTGCTCTGAGCTAAGATCT,0,0
29,GCCCAGAAGATAACTCAAACCCAACCAGGAATGTTCGTGCAGGAAAAGGAGGCTGTGACTCTGGACTGCACATATGACACCAGTGATCCAAGTTATGGTCTATTCTGGTACAAGCAGCCCAGCAGTGGGGAAATGATTTTTCTTATTTATCAGGGGTCTTATGACCAGCAAAATGCAACAGAAGGTCGCTACTCATTGAATTTCCAGAAGGCAAGAAAATCCGCCAACCTTGTCATCTCCGCTTCACAACTGGGGGACTCAGCAATGTACTTCTGTGCAATGAGTGGGGGTG,0,0
30,GGACAAAGCCTTGAGCAGCCCTCTGAAGTGACAGCTGTGGAAGGAGCCATTGTCCAGATAAACTGCACGTACCAGACATCTGGGTTTTATGGGCTGTCCTGGTACCAGCAACATGATGGCGGAGCACCCACATTTCTTTCTTACAATGCTCTGGATGGTTTGGAGGAGACAGGTCGTTTTTCTTCATTCCTTAGTCGCTCTGATAGTTATGGTTACCTCCTTCTACAGGAGCTCCAGATGAAAGACTCTGCCTCTTACTTCTGCGCTGTG,0,1
31,GACCAGCAAGTTAAGCAAAATTCACCATCCCTGAGCGTCCAGGAAGGAAGAATTTCTATTCTGAACTGTGACTATACTAACAGCATGTTTGATTATTTCCTATGGTACAAAAAATACCCTGCTGAAGGTCCTACATTCCTGATATCTATAAGTTCCATTAAGGATAAAAATGAAGATGGAAGATTCACTGTCTTCTTAAACAAAAGTGCCAAGCACCTCTCTCTGCACATTGTGCCCTCCCAGCCTGGAGACTCTGCAGTGTACTTCTGTGCAGCGCCG,0,1
32,GGATAGAGTGTGGGGCTGCATCTTCCTACCCTGAGTGTCCAGGAGGGTGACAACTCTATTATCAACTGTGCTTATTCAAACAGCGCCTCAGACTACTTCATTTGGTACAAGCAAGAATCTGGAAAAGGTCCTCAATTCATTATAGACATTCGTTCAAATATGGACAAAAGGCAAGGCCAAAGAGTCACCGTTTTATTGAATAAGACAGTGAAACATCTCTCTCTGCAAATTGCAGCTACTCAACCTGGAGACTCAGCTGTCTACTTTTGTGCAGA,0,0
33,GATGCTAAGACCACACAGCCAAATTCAATGGAGAGTAACGAAGAAGAGCCTGTTCACTTGCCTTGTAACCACTCCACAATCAGTGGAACTGATTACATACATTGGTATCGACAGCTTCCCTCCCAGGGTCCAGAGTACGTGATTCATGGTCTTACAAGCAATGTGAACAACAGAATGGCCTCTCTGGCAATCGCTGAAGACAGAAAGTCCAGTACCTTGATCCTGCACCGTGCTACCTTGAGAGATGCTGCTGTGT,0,0
34,AAAAACCAAGTGGAGCAGAGTCCTCAGTCCCTGATCATCCTGGAGGGAAAGAACTGCACTCTTCAATGCAATTATACAGTGAGCCCCTTCAGCAACTTAAGGTGGTATAAGCAAGATACTGGGAGAGGTCCTGTTTCCCTGACAATCATGACTTTCAGTGAGAACACAAAGTCGAACGGAAGATATACAGCAACTCTGGATGCAGACACAAAGCAAAGCTCTCTGCACATCACAGCCTCCCAGCTCAGCGATTCAGCCTCCTACATCTGTGTGGT,0,0
35,GCTCAGAAGGTAACTCAAGCGCAGACTGAAATTTCTGTGGTGGAGAAGGAGGATGTGACCTTGGACTGTGTGTATGAAACCCGTGATACTACTTATTACTTATTCTGGTACAAGCAACCACCAAGTGGAGAATTGGTTTTCCTTATTCGTCGGAACTCTTTTGATGAGCAAAATGAAATAAGTGGTCGGTATTCTTGGAACTTCCAGAAATCCACCAGTTCCTTCAACTTCACCATCACAGCCTCACAAGTCGTGGACTCAGCAGTATACTTCTGTGCTCTGAGTGT,0,0
36,GGTCAACAGCTGAATCAGAGTCCTCAATCTATGTTTATCCAGGAAGGAGAAGATGTCTCCATGACCTGCACTTCTTCAAGCATATTTAACACCTGGCTATGGTACAAGCAGGAACCTGGGGAAGGTCCTGTCCTCTTGATAGCCTTATATAAGGCTGGTGAATTGACCTCAAATGGAAGACTGACTGCTCAGTTTGGTATAACCAGAAAGGACAGCTTCCTGAATATCTCAGCATCCATACCTAGTGATGTAGGCATCTACTTCTGTGCTGGGCAGCCCC,0,0
37,GGAGAGAATGTGGAGCAGCATCCTTCAACCCTGAGTGTCCAGGAGGGAGACAGCGCTGTTATCAAGTGTACTTATTCAGACAGTGCCTCAAACTACTTCCCTTGGTATAAGCAAGAACTTGGAAAACGACCTCAGCTTATTATAGACATTCGTTCAAATGTGGGCGAAAAGAAAGACCAACGAATTGCTGTTACATTGAACAAGACAGCCAAACATTTCTCCCTGCACATCACAGAGACCCAACCTGAAGACTCGGCTGTCTACTTCTGTGCAGCAAGTAAGACGG,0,0
38,GCTCAGAAGGTAACTCAAGCGCAGACTGAAATTTCTGTGGTGGAGAAGGAGGATGTGACCTTGGACTGTGTGTATGAAACCCGTGATACTACTTATTACTTATTCTGGTACAAGCAACCACCAAGTGGAGAATTGGATTTCCTTATTCGTCGGAACTCTTTTGATGAGCAAAATGAAATAAGTGGTCGGTATTCTTGGAACTTCCAGAAATCCACCAGTTCCTTCAACTTCACCATCACAGCCTCACAAGTCGTGGACTCAGCAGTATACTTCTGTGCTCTGAGT,0,1
39,GGTCAACAGCTGAATCAGAGTCCTCAATCTATGTTTATCCAGGAAGGAGAAGATGTCTCCATGAACTGCACTTCTTCAAGCATATTTAACACCTGGCTATGGTACAAGCAGGAACCTGGGGAAGGTCCTGTCCTCTTGATAGCCTTATATAAGGCTGGTGAATTGACCTCAAATGGAAGACTGACTGCTCAGTTTGGTATAACCAGAAAGGACAGCTTCCTGAATATCTCAGCATCCATACCTAGTGATGTAGGCATCTACTTCTGTGCTGGGCAGCTTTC,0,0
40,AGCCAAAAGATAGAACAGAATTCCGAGGCCCTGAACATTCAGGAGGGTAAAACGGCCACCCTGACCTGCAACTATACAAACTATTCCCCAGCATACTTACAGTGGTACCGACAAGATCCAGGAAGAGGCCCTGTTTTCTTGCTACTCATACGTGAAAATGAGAAAGAAAAAAGGAAAGAAAGACTGAAGGTCACCTTTGAAACCACCCTTAAACAGAGTTTGTTTCATATCACAGCCTCCCAGCCTGCAGACTCAGCTACCTACCTCTGTGCTCTCGGAGTTTGTTAGGCTGGA,0,1
41,GGAGAGAATGTGGAGCAGCATCCTTCAACCCTGAGTGTCCAGGAGGGAGACAGCGCTGTTATCAAGTGTACTTATTCAGACAGTGCCTCAAACTACTTCCCTTGGTATAAGCAAGAACTTGGAAAAGGACCTCAGCTTATTATAGACATTCGTTCAAATGTGGGCGAAAAGAAAGACCAACGAATTGCTGTTACATCGAACAAGACAGCCAAACATTTCTCCCTGCACATCACAGAGACCCAACCTGAAGACTCGGCTGTCTACTTCT,0,0
42,ACCCATCTGCTGGAGCAGAGCCCTCAGTTTCTAAGCATCCAAGAGGGAGAAAATCTCACTGTGTACTGCAACTCCTCAAGTGTTTTTTCCAGCTTACAATGGTACAGACAGGAGCCTGGGGAAGGTCCTGTCCTCCTGGTGACAGTAGTTACGGGTGGAGAAGTGAAGAAGCTGAAGAGACTAACCTTTCAGTTTGGTGATGCAAGAAAGGACAGTTCTCTCCACATCACTGCAGCCCAGCCTGGTGATACAGGCCTCTACCTCTGTGCAGCTTACGTAATCCCCCGGTC,0,0
43,GAAGACAAGGTGGTACAAAGCCCTCTATCTCTGGTTGTCCACGAGGGAGACACCGTAACTCTCAATTGCAGTTATGAAGTGACTAACTTTCGAAGCCTACTATGGTACAAGCAGGAAAAGAAAGCTCCCACATTTCTATTTATGCTAACTTCAAGTGGAATTGAAAAGAAGTCAGGAAGACTAAGTAGCATATTAGATAAGAAAGAACTTTCCAGCATCCTGAACATAACAGCCACCCAGACCGGAGACTCGGCCATCTACCTCTGTGCTGTGGAA,0,1
44,GCTCAGAAGGTAACTCAAGCGCAGACTGAAATTTCTGTGGTGGAGAAGGAGGATGTGACCTTGGACTGTGTGTATGAAACCCGTGATACTACTTATTACTTATTCTGGTACAAGCAACCACCAAGTGGAGAATTGGTTTTCCTTATTCGTCGGAACTCTTTTGATGAGCAAAATGAAATAAGTGGTCGGTATTCTTGGAACTTCCAGAAATCCACCAGTTCCTTCAACTTCACCATCACAGCCTCACAAGTCGTGGACTCAGCAGTATACTTCTGTGCTCTG,0,1
45,GCCCAGAGAGTGACTCAGCCCGAGAAGCTCCTCTCTGTCTTTAAAGGGGCCTCAGTGGAGCTGAAGTGCAACTATTCCTATTCTGGGAGTCCTGAACTCTTCTGGTATGTCCAGTACTCCAGACAACGCCTCCAGTTACTCTTGAGACACATCTCTAGAGAGAGCATCAAAGGCTTCACTGCTGACCTTAACAAAGGCGAGACATCTTTCCACCTGAAGAAACCATTTGCTCAAGAGGAAGACTCAGCCATGTATTACTGTGCTCTAAGGATCTCGGACCG,0,0
46,GATGCTAAGACCACCCAGCCCCCCTCCATGGATTGCGCTGAAGGAAGAGCTGCAAACCTGCCTTGTAATCACTCTACCATCAGTGGAAATGAGTATGTGTATTGGTATCGACAGATTCACTCCCAGGGGCCACAGAATATCATTCATGGTCTAAAAAACAATGAAACCAATGAAATGGCCTCTCTGATCATCACAGAAGACAGAAAGTCCAGCACCTTGATCCTGCCCCACGCTACGCTGAGAGACACTGCTGTGTACTATTGCATCAAAA,0,0
47,GGACAACAGGTAATGCAAATTCCTCAGTACCAGCATGTACAAGAAGGAGAGGACTTCACCACGTACTGCAATTCCTCAACTACTTTAAGCAATATACAGTGGTATAAGCAAAGGCCTGGTGGACATCCCGTTTTTTTGATACAGTTAGTGAAGAGTGGAGAAGTGAAGAAGCAGAAAAGACTGACATTTCAGTTTGGAGAAGCAAAAAAGAACAGCTCCCTGCACATCACAGCCACCCAGACTACAGATGTAGGAACCTACTTCTGTGCAGGGTCTGAT,0,1
48,GGACAAAACATTGACCAGCCCACTGAGATGACAGCTACGGAAGGTGCCATTGTCCAGATCAACTGCACGTACCAGACATCTGGGTTCAACGGGCTGTTTTGGTACCAGCAACATGCTGGCGAAGCACCCACATTTCTGTCTTACAATGTTCTGGATGGTTTGGAGGAGAAAGGTCGTTTTTCTTCATTCCTTAGTCGGTCTAAAGGGTACAGTTACCTCCTTTTGAAGGAGCTCCAGATGAAAGACTCTGCCTCTTACCTCTGTGCTGTGAGACCTCAT,0,1
49,GGAAATTCAGTGACCCAGATGGAAGGGCCAGTGACTCTCTCAGAAGAGGCCTTCCTGACTATAAACTGCACGTACACAGCCACAGGATACCCTTCCCTTTTCTGGTATGTCCAATATCCTGGAGAAGGTCTACAGCTCCTCCTGAAAGCCACGAAGGCTGATGACAAGGGAAGCAACAAAGGTTTCGAAGCCACATACCGTAAAGAAACCACTTCTTTCCACTTGGAGAAAGGCTCAGTTCAAGTGTCAGACTCAGCGGTGTACTTCTGTGCTCTGAGTG,0,0
50,CTTGCTAAGACCACCCAGCCCATCTCCATGGACTCATATGAAGGACAAGAAGTGAACATAACCTGTAGCCACAACAACATTGCTACAAATGATTATATCACGTGGTACCAACAGTTTCCCAGCCAAGGACCACGATTTATTATTCAAGGATACAAGACAAAAGTTACAAACGAAGTGGCCTCCCTGTTTATCCCTGCCGACAGAAAGTCCAGCACTCTGAGCCTGCCCCGGGTTTCCCTGAGCGACACTGCTGTGTACTACTGCCTCGTGGGTGACGA,0,0
51,GCTCAGAAGGTCACTCAAGCGCAGACTGAAATTTCTGTGGTGGAGAAGGAGGATGTGACCTTGGACTGTGTGTATGAAACCCGTGATACTACTTATTACTTATTCTGGTACAAGCAACCACCAAGTGGAGAATTGGTTTTCCTTATTCGTCGGAACTCTTTTGATGAGCAAAATGAAATAAGTGGTCGGTATTCTTGGAACTTCCAGAAATCCACCAGTTCCTTCAACTTCACCATCACAGCCTCACAAGTCGTGGACTCAGCAGTATACTTCTGTGCTCTGA,0,0
52,CTTGCTAAGTCCACCCAGCCCATCTCCATGGACTCATATGAAGGACAAGAAGTGAACATAACCTGTAGCCACAACAACATTGCTACAAATGATTATATCACGTGGTACCAACAGTTTCCCAGCCAAGGACCACGATTTATTATTCAAGGATACAAGACAAAAGTTACAAACGAAGTGGCCTCCCTGTTTATCCCTGCCGACAGAAAGTCCAGCACTCTGAGCCTGCCCCGGGTTTCCCTGAGCGACACTGCTGTGTACTACTGCCTCCCTCGGGGAAT,0,0
53,CTTGCTAAGACCACCCAGCCCATCTCCATGGACTCATATGAAGGACAAGAAGTGGACATAACCTGTAGCCACAACAACATTGCTACAAATGATTATATCACGTGGTACCAACAGTTTCCCAGCCAAGGACCACGATTTATTATTCAAGGATACAAGACAAAAGTTACAAACGAAGTGGCCTCCCTGTTTATCCCTGCCGACAGAAAGTCCAGCACTCTGAGCCTGCCCCGGGTTTCCCTGAGCGACACTGCTGTGTACTACTGCCTCGTGGGTGA,0,0
54,GCCCAGTCTGTGAGCCAGCATAACCACCACGTAATTCTCTCTGAAGCAGCCTCACTGGAGTTGGGATGCAACTATTCCTAGGGTGGAACTGTTAATCTCTTCTGGTATGTCCATTACCCTGGTCAACACCTTCAGCTTCTCCTCAAGTACTTTTCAGGGGATCCAGTGGTTAAAGGCATCAAGGGCTTTGAGGCTGAATTTATAAAGAGTAAATTCTCCTTTAATCTGAGGAAACCCTCTGTGCAGTGGAGTGACACAGCTGAGTACTTCTATGCCGTGAC,0,0
55,GGAGAGAATGTGGAGCAGCATCCTTCAACCCTGAGTGTCCAGGAGGGAGACAGCGCTGTTATCAAGTGTACTTATTCAGCCAGTGCCTCAAACTACTTCCCTTGGTATAAGCAAGAACTTGGAAAAGGACCTCAGCTTATTATAGACATTCGTTCAAATGTGGGCGAAAAGAGAGACCAACGAATTGCTGTTACATTGAACAAGACAGCCAAACATTTCTCCCTGCACATCACAGAGACGCAACCTGAAGACTCGGCTGTCTACTTCTGTGCAGCA,0,1
56,GGAGAGAGTGTGGGGCTGCATCTTCCTACCCTGAGTGTCCAGGAGGGTGACAACTCTATTATCAACTGTGCTTATTCAAACAGCGCCTCAGACTACTTCATTTGGTACAAGCAAGAATCTGGAAAAGGTCCTCAATTCATTATAGACATTCGTTCAAATATGGACAAAAGGCAAGGCCAAAGAGTCACCGTTTTATTGAATAAGACAGTGAAACATCTCTCTCTGCAAATTGCAGCTACTCAACCTGGAGACTCAGCTGTCTACTTTTGTGCAGC,0,0
57,CTTGCTAAGACCACCCAGCCCATCTCCATGGACTCATATGAAGGACAAGAAGTGAACATAACCTGTAGCCACAACAACATTGCTACAAATGATTATATCACGTGGTACCAACAGTTTCCCAGCCAAGGACCACGATTTATTATTCAAGGATACAAGACAAAAGTTACAAACGAAGTGGCCTCCCTGTTTATCCCTGCCGACAGAAAGTCCAGCACTCTGAGCCTGCCCCGGGTTTCCCTGAGCGACACTGCTGTGTACTACTGCCTCGTGGGGCCCATG,0,1
58,GGAGAGAATGTGGAGCAGCATCCTTCAACCCTGAGTGTCCAGGAGGGAGACAGCGCTGTTATCAAGTGTACTTATTCAGACAGTGCCTCAAACTACTTCCCTTGGTATAAGCAAGAACTTGGAAAAAGACCTCAGCTTATTATAGACATTCGTTCAAATGTAGGCGAAAAGAAAGACCAACGAATTGCTGTTACATTGAACAAGACAGCCAAACATTTCTCCCTGCACATCACAGAGACCCAACCTGAAGACTCGGCTGTCTACTTCTGTGCAGCAAG,0,0
59,GGAGAGAGTGTGGGGCTGCATCTTCCTACCCTGAGTGTCCAGGAGGGTGACAACTCTATTATCAACTGTGCTTATTCAAACAGCGCCTCAGACTACTTCATTTGGTACAAACAAGAATCTGGAAAAGGTCCTCAATTCATTATAGACATTCGTTCAAATATGGACAAAAGGCAAGGCCAAAGAGTCACCGTTTTATTGAATAAGACAGTGAAACATCTCTCTCTGCAAATTGCAGCTACTCAACCTGGAGACTCAGCTGTCTACTTTTGTGCAGAGGAGGGGG,0,0
60,AAACAGGAGGTGACGCAGATTCCTGCAGCTCTGAGTGTCCCAGAAGGAGAAAACTTGGTTCTCAACTGCAGTTTCACTGATAGCGCTATTTACAACCTCCAGTGGTTTAGGCAGGACCCTGGGAAAGGTCTCACATCTCTGCTGCTTATTCAGTCAAGTCAGAGAGAGCAAACAAGTGGAAGACTTAATGCCTCGCTGGATAAATCATCAGGACGTAGTACTTTATACATTGCAGCTTCTCAGCCTGGTGACTCAGCCACCTACCTCTGTGCTGTGAGAGAGATG,0,1
61,GGAGAGAGTGTGGGGCTGCATCTTCCTACCCTGAGTGTCCAGGAGGGTGACAACTCTATTATCAACTGTGCTTATTCAAACAGCGCCTCAGACTACTTCATTTGGTACAAGCAAGAATCTGGAAAAGGTCCTCAATTCATTATAGACATTCGTTCAAATATGGACAAAAGGCAAGGCCAAAGAGTCACCGTTTTATTGAATAAGACAGTGAAACATCTCTCTCTGCAAATTGCAGCTACTCAACCTGGAGACTCAGCTGTCTACTTTTGTGCAGAGAAGGGACGG,0,1
62,GCTCAGAAGGTAACTCAAGCGCAGACTGAAATTTCTGTGGTGGAGAAGGAGGATGTGACCTTGGACTGTGTGTATGAAACCCGTGATACTACTTATTACTTATTCTGGTACAAGCAACCACCAAGTGGAGAATTGGTTTTCCTTATTCGTCGGAACTCTTTTGATGAGCAAAATGAAATAAGTGGTCGGTATTCTTGGAACTTCCAGAAATCCACCAGTTCCTTCAACTTCACCATCACAGCCTCACAAGTCGTGGACTCAGCAGTATACTTCTGTGCT,0,1
63,GCTCAGACAGTCACTCAGTCTCAACCAGAGATGTCTGTGCAGGAGGCAGAGACCGTGACCCTGAGCTGCACATATGACACCAGTGAGAGTGATTATTATTTATTCTGGTACAAGCAGCCTCCCAGCAGGCAGATGATTCTCGTTATTCGCCAAGAAGCTTATAAGCAACAGAATGCAACAGAGAATCGTTTCTCTGTGAACTTCCAGAAAGCAGCCAAATCCTTCAGTCTCAAGATCTCAGACTCACAGCTGGGGGATGCCGCGATGTATTTCTGTGCTTATAGGAGCTAGGGTA,0,0
64,GCTCAGACAGTCACTCAGTCTCAACCAGAGATGTCTGTGCAGGAGGCAGAGACCGTGACCCTGAGCTGCACATATGACACCAGTGAGAGTGATTATTATTTATTCTGGTACAAGCAGCCTCCCAGCAGGCAGATGATTCTCGTTATTCGCCAAGAAGCTTATAAGCAACAGAATGCAACAGAGAATCGTTTCTCTGTGAACTTCCAGAAAGCAGCCAAATCCTTCAGTCTCAAGATCTCAGACTCACAGCTGGGGGATGCCGCGATGTATTTCTGTGCTTATAGGAGCGCTGGCCGA,0,1
65,CTTGCTAAGACCACCCAGCCCATCTCCATGGACTCATATGAAGGACAAGAAGTGAACATAACCTGTAGCCACAACAACATTGCTACAAATGATTATATCACGTGGTACCAACAGTTTCCCAGCCAAGGACCACGATTTATTATTCAAGGATACAAGACAAAAGTTACAAACGAAGTGGCCTCCCTGTTTATCCCTGCCGACAGAAAGTCCAGCACTCTGAGCCTGCCCCGGGTTTCCCTGAGCGACACTGCTGTGTACTACTGCCTCGTGGGTGACATGACGGCCG,0,0
66,GGAATACAAGTGGAGCAGAGTCCTCCAGACCTGATTCTCCAGGAGGGAGCCAATTCCACGCTGCGGTGCAATTTTTCTGACTCTGTGAACAACTTGCAGTGGTTTCATCAAAACCCTTGGGTACAGCTCATCAACCTGTTTTACATTCCCTCAGGGACAAAACAGAATGGAAGATTAAGCGCCACGACTGTCGCTACGGAACGCTACAGCTTATTGTACATTTCCTCTTCCCAGACCACAGACTCAGGCGTTTATTTCTGTGCTGTG,0,1
67,CTTGCTAAGACCACCCAGCCCATCTCCATGGACTCATATGAAGGACAAGAAGTGAACATAACCTGTAGCCACAACAACATTGCTACAAATGATTATATCACGTGGTACCAACAGTTTCCCAGCCAAGGACCACGATTTATTATTCAAGGATACAAGACAAAAGTTACAAACGAAGTGGCCTCCCTGTTTGTCCCTGCCGACAGAAAGTCCAGCACTCTGAGCCTGCCCCGGGTTTCCCTGAGCGACACTGCTGTGTACTACTGCCTCGTGGGTGACATACGTTTTT,0,0
68,GCCCAGAGAGTGACTCAGCCCGAGAAGCTCCTCTCTGTCTTTAAAGGGGCCCCAGTGGAGCTGAAGTGCAACTATTCCTATTCTGGGAGTCCTGAACTCTTCTGGTATGTCCAGTACTCCAGACAACGCCTCCAGTTACTCTTGAGACACATCTCTAGAGAGAGCATCAAAGGCTTCACTGCTGACCTTAACAAAGGCGAGACATCTTTCCACCTGAAGAAACCATTTGCTCAAGAGGAAGACTCAGCCATGTATTACTGTGCTCTTTCTAG,0,0
69,GGAGAGAATGTGGAGCAGCATCCTTCAACCCTAAGTGTCCAGGAGGGAGACAGCGCTGTTATCAAGTGTACTTATTCAGACAGTGCCTCAAACTACTTCCCTTGGTATAAGCAAGAACTTGGAAAAAGACCTCAGCTTATTATAGACATTCGTTCAAATGTGGGCGAAAAGAAAGACCAACGAATTGCTGTTACATTGAACAAGACAGCCAAACATTTCTCCCTGCACATCACAGAGACCCAACCTAAAGACTCGGCTGTCTACTTCTGTGCAGCAAGTATACCT,0,1
70,GCTCAGAAGGTAACTCAAGCGCAGACTGAAATTTCTGTGGTGGAGAAGGAGGATGTGACCTTGGACTGTGTGTATGAAACCCGTGATACTACTTATTACTTATTCTGGTACAAGCAACCACCAAGTGGAGAATTGGTTTTCCTTATTCGTCGGAACTCTTTTGATGAGCAAAATGAAATAAGTGGTCGGTATTCTTGGAACTTCCAGAAATCCACCAGTTCCTTCAACTTCACCATCACAGCCTCACAAGTCGTGGACTCAGCAGTATACTTCTGTGCTCTAGCTAGGCCCGGCGCAAAG,0,1
71,CAGCAGCAGGTGAAACAAAGTCCTCAATCTTTGATAGTCCAGAAAGGAGGGATTTCAATTATAAACTGTGCTTATGAGAACACTGCGTTTGACTACTTTCCATGGTACCAACAGTTCCCTGGGAAAGGCCCTGCATTATTGATAGCCATACGTCCAGATGTGAGTGAAAAGAAAGAAGGAAGATTCACAATCTCCTTCAATAAAAGTGCCAAGCAGTTCTCATTGCATATCATGGATTCCCAGCCTGGAGACTCAGCCACCTACTTCTGTGCAGCAAGCA,0,0
72,GACCAGCAAGTTAAGCAAAATTCACCATCCCTGAGCGTCCAGGAAGGAAGAATTTCTATTCTGAACTGTGACTATACTAACAGCATGTTTGATTATTTCCTATGGTACAAAAAATACCCTGCTGAAGGTCCTACATTCCTGATATCTATAAGGTCCATTAAGGATAAAAATGAAGATGGAAGATTCACTGTTTTCTTAAACAAAAGTGCCAAGCACCTCTCTCTCGACATTGTGCCCTCGCAGCCTGGAGACTCTGCAGTGTACTTCTGTGCAGC,0,0
73,GGAGAGAATGTGGAGCAGCATCCTTCAACCCTGAGTGTCCAGGAGGGAGACAGCGCTGTTATCAAGTGTACTTATTCAGACAGTGCCTCAAACTACTTCCCTTGGTATAAGCAAGAACTTGGAAAAGGACCTCAGCTTATTATAGACATTCGTTCAAATGTGGGCGAAAAGAAAGACCAACAAATTGCTGTTACATTGAACAAGACAGCCAAACATTTCTCCCTGCACATCACAGAGACCCAACTTGAAGACTCGGCTGTCTACTTCTGTGCAGCAAGT,0,1
74,GGAGAGGATGTGGAGCAGAGTCTTTTCCTGAGTGTCCGAGAGGGAGACAGCTCCGTTATAAACTGCACTTACACAGACAGCTCCTCCACCTACTTATACTGGTATAAGCAAGAACCTGGAGCAGGTCTCCAGTTGCTGACGTATATTTTTTCAAATATGGACATGAAACAAGACCAAAGACTCACTGTTCTATTGAATAAAAAGGATAAACATCTGTCTCTGCGCATTGCAGACACCCAGACTGGGGACTCAGCTATCTACTTCTGTGCAGAGAGCCA,0,0
75,GGACAAAACATTGACCAGCCCACTGAGATGACAGCTACGGAAGGTGCCATTGTCCAGATCAACTGCACGTACCAGACATCTGGGTTCAACGGGCTGTTCTGGTACCAGCAACATGCTGGCGAAGCACCCACATTTCTGTCTTACAATGTTCTGGATGGTTTGGAGGAGAAAGGTCGTTTTTCTTCATTCCTTAGTCGGTCTAAAGGGTACAGTTACCTCCTTTTGAAGGAGCTCCAGATGAAAGACTCTGCCTCTTACCTCTGTGCTGTG,0,1
76,GGACAACAGGTAATGCAAATTCCTCAGTACCAGCATGTACAAGAAGGAGAGGACTTCACCACGTACTGCAATTCCTCAACTACTTTAAGCAATATACAGTGGTATAAGCAAAGGCCTGGTGGACATCCCGTTTTTTTGATACAGTTAGTGAAGAGTGGAGAAGTGAAGAAGCAGAAAAGACTGACATTTCAGTTTGGAGAAGCAAAAAAGAACAGCTCCCTGCACATCACAGCCACCCAGACTACAGATGTAGGAACCTACTTCTGTGCAGAG,0,1
77,GGAGAGAATGTGGAGCAGCATCCTTCAACCCTGAGTGTCCAGGAGGGAGACAGCGCTGTTATCAAGTGTACTTATTCAGACAGTGCCTCAAACTACTTCCCTTGGTATAAGCAAGAACTTGGAAAAGGACCTCAGCTTATTATAGACATTCGTTCAAATGTGGGCGAAAAGAAAGACCAACGAATGGCTGTTACATTGAACAAGACAGCCAAACATTTCTCCCTGCACATCACAGAGACCCAACCTGAAGACTCGGCTGTCTACTTCTGTGCAGCA,0,1
78,CTTGCTAAGACCACCCAGCCCATCTCCATGGACTCATATGAAGGACAAGAAGTGAACATAACCTGTAGCCACAACAACATTGCTACAAATGATTATATCACGTGGTACCAACAGTTTCCCAGCCAAGGACCACGATTTATTATTCAAGGATACAAGACAAAAGTTACAAACGAAGTGGCCTCCCTGTTTATCCCTGCCGACAGAAAGTCCAGCACTCTGAGCCTGCCCCGGGTTTCCCTGAGCGACACTGCTGTGTACTACTGCCTCGTGGGT,0,1
79,CGGAAGGAGGTGGAGCAGGATCCTGGACCCTTCAATGTTCCAGAGGGAGCCACTGTCGCTTTCAACTGTACTTACAGCAACAGTGCTTCTCAGTCTTTCTTCTGGTACAGACAGGATTGCAGGAAAGAACCTAAGTTGCTGATGTCCGTATACTCCAGTGGTAATGAAGATGGAAGGTTTACAGCACAGCTCAATAGAGCCAGCCAGTATATTTCCCTGCTCATCAGAGACTCCAAGCTCAGTGATTCAGCCACCTACCTCTGTGTGGTTAACCTGAAACACCC,0,0
80,GCTCAGAAGGTAACTCAAGCGCAGACTGAAATTTCTGTGGTGGAGAAGGAGGATGTGACCTTGGACTGTGTGTATGAAACCCGTGATACTACTTATTACTTATTCTGGTACAAGCAACCACCAAGTGGAGAATTGGTTTTCCTTATTCGTCGGAACTCTTTTGATGCGCAAAATGAAATAAGTGGTCGGTATTCTTGGAACTTCCAGAAATCCACCAGTTCCTTCAACTTCACCATCACAGCCTCACAAGTCGTGGACTCAGCAGTATACTTCTGTGCTATGAACTATG,0,0
81,GATGCTAAGACCACCCAGCCCCCCACCATGGATTGCGCTGAAGGAAGAGCTGCAAACCTGCCTTGTAATCACTCTACCATCAGTGGAAATGAGTATGTGTATTGGTATCGACAGATTCACTCCCAGGGGCCACAGAATATCATTCATGGTCTAAAAAACATTGAAACCAATGAAATGGCCTCTCTGATCATCACAGAAGACAGAAAGTCCAGCAGCTTGATCCTGCCCCACGCTACGCTGAGAGACACTGCTGTGTACTATTGCA,0,0
82,GGAGAGAGTGTGGGGCTGCATCTTCCTACCCTGAGTGTCCAGGAGGGTGACAACTCTATTATCAACTGTGCTTATTCAAACAGCGCCTCAGACTACTTCATTTGGTACAAACAAGAATCTGGAAAAGGTCCTCAATTCATTATAGACATTCGTTCAAATATGGACAAAAGGCAAGGCCAAAGCGTCACCGTTTTATTGAATAAGACAGTGAAACATCTCTCTCTGCAAATTGCAGCTACTCAACCTGGAGACTCAGCTGTCTACTTTTGTGCAGA,0,0
83,GCTCAGACAGTCACTCAGTCTCAACCAGAGATGTCTGTGCAGGAGGCAGAGACCGTGACCCTGAGCTGCCCATATGACACCAGTGAGAGTGATTATTATTTATTCTGGTACAAGCAGCCTCCCAGCAGGCAGATGATTCTCGTTATTCGCCAAGAAGCTTATAAGCAACAGAATGCAACAGAGAATCGTTTCTCTGTGAACTTCCAGAAAGCAGCCAAATCCTTCAGTCTCATGATCTCAGACTCACAGCTGGGGGATGCCGCGATGTATTTCTGTGCTTATAGGAGCGC,0,0
84,CTTGCTAAGACCACCCAGCCCATCTCCATAGACTCATATGAAGGACAAGAAGTGAACATAACCTGTAGCCACAACAACATTGCTACAAATGATTATATCACGTGGTACCAACAGTTTCCCAGCCAAGGACCACGATTTATTATTCAAGGATACAAGACAAAAGTTACAAACGAAGTGGCCTCCCTGTTTATCCCTGCCGACAGAAAGTCCAGCACTCTGAGCCTGCCCCGGGTTTCCCTGAGCGACACTGCTGTGTACTACTGCCTCCCGGTTAGTCGCA,0,0
85,GGAGAGAATGTGGAGCAGCATCCTTCAACCCTGAGTGTCCAGGAGGGAGACAGCGCTGTTATCAAGTGTACTTATTCAGACAGTGCCTCAAACTACTTCCCTTGGTATAAGCAAGAACTTGGAAAAGGACCTCAGCTTATTATAGACATTCGTTCAAATGTGGGCGAAAAGAAAGACCAACGAATTGCTGTTACATTGAACAAGACAGCCAAACATTTCTCCCTGCACATCGCAGAGACCCAACCTGAAGACTCGGCTGTCTACTTCTGTGCAGCAAGTACCCGA,0,1
86,GGACAAAACATTGACCAGCCCACTGAGATGACAGCTACGGAAGGTGCCATTGTCCAGATCAACTGCACGTACCAGACATCTGGGTTCAACGGGCTGTTCTGGTACCAGCAACATGCTGGCGAAGCACCCACATTTCTGTCTTACAATGTTCTGGATGGTTTGGAGGAGAAAGGTCGTTTTTCTTCATTCCTTAGTCGGTCTAAAGGGTACAGTTACCTCCTTTTGAAGGAGCTCCAGATGAAAGACTCTGCCTCTTACCTCTGTGCTGTGAG,0,0
87,ACCCAGCTGCTGGAGCAGAGCCCTCAGTTTCTAAGCATCCAAGAGGGAGAAAATCTCACTGTGTACTGCAACTCCTCAAGTGTTTTTTCCAGCTTACAATGGTACAGACAGGAGCCTGGGGAAGGTCCTGTCCTCCTGGTGACAGTAGTTACGGGTGGAGAAGTGAAGAAGCTGAAGAGACTAACCTTTCAGTTTGGTGATGCAAGAAAGGACAGTTCTCTCCACATCACTGCAGCCCAGCCTGGTGATACAGGCCTCTACCTCTGTGCACGTCCGCTTATA,0,1
88,GCCCAGTCTGTGATCCAGCATAACCACCACGTAATTCTCTCTGAAGCAGCCTCACTGGAGTTGGGATGCAACTATTCCTATGGTGGAACTGTTAATCTCTTCTGGTATGTCCAGTACCCTGGTCAACACCTTCAGCTTCTCCTCAAGTACTTTTCAGGGGATCCACTGGTTAAAGGCATCAAGGGCTTTGAGGCTGAATTTATAAAGAGTAAATTCTCCTTTAATCTGAGGAAACCCTCTGTGCAGTGGAGTGACACAGCTGAGTACTTCTGTGCCGAT,0,1
89,GGAGAGAGTGTGGGGCTGCATCTTCCTACCCTGAGTGTCCAGGAGGGTGACAACTCTATTATCAACTGTGCTTATTCAAACAGCGCCTCAGACTACTTCATTTGGTACAAACAAGAATCTGGAAAAGGTCCTTAATTCATTATAGACATTCGTTCAAATATGGACAAAAGGCAAGGCCAAAGAGTCACCGTTTTATTGAATAAGACAGTGAAACATCTCTCTCTGCAAATTGCAGCTACTCAACCTGGAGACTCAGCTGTCTACTTTTGTGC,0,0
90,ACCCAGCTGCTGGAGCAGAGCCCTCAGTTTCTAGGCATCCAAGAGGGAGAAAATCTCACTGTGTACTGCAACTCCTCAAGTGTTTTTTCCAGCTTACAATGGTACAGACAGGAGCCTGGGGAAGGTCCTGTCCTCCTGGTGACAGTAGTTACGGGTGGAGAAGTGAAGAAGCTGAAGAGACTAACCTTTCAGTTTGGTGATGCAAGAAAGGACAGTTCTCTCCACATCACTGCAGCCCAGCCTGGTGATACAGGCCTCTACCTCTCC,0,1
91,GCTCAGACAGTCACTCAGTCTCAACCAGAGATGTCTGTGCAGGAGGCAGAGACCGTGACCCTGAGCTGCACATTTGACACCAGTGAGAGTGATTATTATTTATTCTGGTGCAAGCAGCCTCCCAGCAGGCAGATGATTCTCGTTATTCGCCAAGAAGCTTATAAGCAACAGAATGCAACAGAGAATCGTTTCTCTGTGAACTTCCAGAAAGCAGCCAAATCCTTCAGTCTCAAGATCTCAGACTCACAGCTGGGGGATGCCGCGATGTATTTCTGTGCTT,0,0
92,AGCCAAGAACTGGAGCAGAGTCCTCCGTCCTTGATCGTCCAAGAGGGAAAGAATCTCACCATAAACTGCACGTCATCAAAGACGTTATATGGCTTATACTGGTATAAGCAAAAGTATGGTGAAGGTCTTATCTTCTTGATGATGCTACAGAAAGGTGGGGAAGAGAAAAGTCATGAAAAGATAACTGCCAAGTTGGATGAGAAAAAGCAGCAAAGTTCCCTGCATATCACAGCCTCCCAGCCCAGCCATGCAGGCATCTACCTCTGTGGAGCAGACAGG,0,1
93,ATACTGAACGTGGAGCAAAGCCCTCAGTCACTGCATGTTCAGGAGGGAGACAGCACCAATTTCACCTGCAGCTTCCCTTCCAGCAATTTTTATGCCTTACACTGGTACAGATGGGAAACTGCAAAAAGCCCCGAGGCCTTGTTTGTAATGACTTTAAATGGGGATGAAAAGAAGAAAGGACGAATAAGTGCCACTCTTAATACCAAGGAGGGTTACAGCTATTTGTACATCAAAGGATCCCAGCCTGAAGACTCAGCCACATACCTCTGTGCCCCAAATA,0,0
94,GCTCAGAAGGTAACTCAAGCGCAGACTGAAATTTCTGTGGTGGAGAAGGAGGATGTGACCTTGGACTGTGTGTATGAAACCCGTGATACTACTTATTACTTATTCTGGTACAAGCAACCACCAAGTGGAGAATTGGTTTTCCTTATTCGTCGGAACTCTTTTGATGAGCAAAATGAAATAAGTGGTCGGTATTCTTGGAACTTCCAGAAATCCACCAGTTCCTTCAACTTCACCATCACAGCCTCACAAGTCGTGGACTCAGCAGTATACTTCTGTGCTCTGAGTGAGTCATG,0,0
95,GGTCAACAGCTGAATCAGAGTCCTCAATCTATGTTTATCCAGGAAGGAGAAGATGTCTCCATGAACTGCACTTCTTCAAGCATATTTAACACCTGGCTATGGTACAAGCAGGACCCTGGGGAAGGTCCTGTCCTCTTGATAGCCTTATATAAGGCTGGTGAATTGACCTCAAATGGAAGACTGACTGCTCAGTTTGGTATAACCAGAAAGGACAGCTTCCTGAATATCTCAGCATCCATACCTAGTGATGTAGGCATCTACTTCAGT,0,1
96,GAAGACCAGGTGACGCAGAGTCCCGAGGCCCTGAGACTCCAGGAGGGAGAGAGTAGCAGTCTTAACTGCAGTTACACAGTCAGCGGTTTAAGAGAGCTGTTCTGGTATAGGCAAGATCCTGGGAAAGGCCCTGAATTCCTCTTCACCCTGTATTCAGCTGGGGAAGAAAAGGAGAAAGAAAGGCTAAAAGCCACATTAACAAAGAAGGAAAGCTTTCTGCACATCACAGCCCCTAAACCTGAAGACTCAGCCACTTATTTCTGTGCTGTGCAGAACTTCC,0,0
97,CTTGCTAAGACCACCCAGCCCATCTCCATGGACTCATATGAAGGACAAGAAGTGAACATAACCTGTAGCCACAACAACATTGCTACAAAGGATTATATCACGTGGTACCAACAGTTTCCCAGCCAAGGACCACGATTTATTATTCAAGGATACAAGACAAAAGTTACAAACGAAGTGGCCTCCCTGTTTATCCCTGCCGACAGAAAGTCCAGCACTCTGAGCCTGCCCCGGGTTTCCCTGAGCGACACTGCTGTGTACTACTGCCTCGTGGGTGGTCTTGCT,0,1
98,AAACAGGAGGTGACGCAGATTCCTGCAGCTCTGAGTGTCCCAGAAGGAGAAAACTTGGTTCTCAACTGCAGTTTCACTGATAGCGCTATTTACAACCTCCAGTGGTTTAGGCAGGACCCTGGGAAAGGTCTCACATCTCTGTTGCTTATTCAGTCAAGTCAGAGAGAGCAAACAAGTGGAAGACTTAATGCCTCGCTGGATAAATCATCAGGACGTAGTACTTTATACATTGCAGCTTCTCAGCCTGGTGACTCAGCCACCTACCTCTGTGCTGTGT,0,0
99,GGACAACAGGTAATGCAAATTCCTCAGTACCAGCATGTACAAGAAGGAGAGGACTTCACCGCGTACTGCAATTCCTCAACTACTTTAAGCAATATACAGTGGTATAAGCAAAGGCCTGGTGGACATCCCGTTTTTTTGATACAGTTAGTGAAGAGTGGAGAAGTGAAGAAGCAGAAAAGACTGACATTTCAGTTTGGAGAAGCAAAAAAGAACAGCTCCCTGCACATCACAGCCACCCAGACTACAGATGTAAGAATCTACTTCTGT,0,1
